Summary,Issue key,Issue id,Issue Type,Status,Project key,Project name,Project type,Project lead,Project lead id,Project description,Priority,Resolution,Assignee,Assignee Id,Reporter,Reporter Id,Creator,Creator Id,Created,Updated,Last Viewed,Resolved,Fix versions,Due date,Votes,Description,Environment,Watchers,Watchers Id,Original estimate,Remaining Estimate,Time Spent,Work Ratio,Σ Original Estimate,Σ Remaining Estimate,Σ Time Spent,Security Level,Outward issue link (Relates),Outward issue link (Relates),Outward issue link (Relates),Outward issue link (Relates),Outward issue link (Relates),Outward issue link (Relates),Outward issue link (Relates),Outward issue link (Relates),Outward issue link (Relates),Custom field (Actual end),Custom field (Actual start),Custom field (Change reason),Custom field (Change risk),Custom field (Change type),Custom field (Development),Custom field (Epic Color),Custom field (Epic Link),Custom field (Epic Name),Custom field (Epic Status),Custom field (Impact),Custom field (Issue color),Custom field (Rank),Custom field (Request Type),Sprint,Custom field (Start date),Custom field (Story Points),Custom field (Story point estimate),Custom field (Target end),Custom field (Target start),Custom field (Team),Custom field ([CHART] Date of First Response),Status Category
Verify that admin can able to delete the records of the customers,P1-146,10171,Test,Done,P1,Project 1,software,Pranathi Sai Prathyusha Mudiveti,612ef7a544c8ed006880e7cb,,Medium,Done,Pranathi Sai Prathyusha Mudiveti,612ef7a544c8ed006880e7cb,Pranathi Sai Prathyusha Mudiveti,612ef7a544c8ed006880e7cb,Pranathi Sai Prathyusha Mudiveti,612ef7a544c8ed006880e7cb,08-09-2021 05:24,08-09-2021 05:59,08-09-2021 05:47,08-09-2021 05:59,Version 11,,0,,,Pranathi Sai Prathyusha Mudiveti,612ef7a544c8ed006880e7cb,,,,,,,,,,,,,,,,,,,,,,,{},,P1-96,,,,,0|i000k6:zy,,P1 Sprint 12,,,,,,,,Done
Verify with the IP address of the customer,P1-145,10170,Test,Done,P1,Project 1,software,Pranathi Sai Prathyusha Mudiveti,612ef7a544c8ed006880e7cb,,Medium,Done,Pranathi Sai Prathyusha Mudiveti,612ef7a544c8ed006880e7cb,Pranathi Sai Prathyusha Mudiveti,612ef7a544c8ed006880e7cb,Pranathi Sai Prathyusha Mudiveti,612ef7a544c8ed006880e7cb,08-09-2021 05:23,08-09-2021 05:59,08-09-2021 05:59,08-09-2021 05:59,Version 11,,0,,,Pranathi Sai Prathyusha Mudiveti,612ef7a544c8ed006880e7cb,,,,,,,,,,,,,,,,,,,,,,,{},,P1-96,,,,,0|i000k6:zx,,P1 Sprint 12,,,,,,,,Done
Verify that admin can able to search with the status of the customer,P1-144,10169,Test,Done,P1,Project 1,software,Pranathi Sai Prathyusha Mudiveti,612ef7a544c8ed006880e7cb,,Medium,Done,Pranathi Sai Prathyusha Mudiveti,612ef7a544c8ed006880e7cb,Pranathi Sai Prathyusha Mudiveti,612ef7a544c8ed006880e7cb,Pranathi Sai Prathyusha Mudiveti,612ef7a544c8ed006880e7cb,08-09-2021 05:23,08-09-2021 06:00,08-09-2021 05:44,08-09-2021 06:00,Version 11,,0,,,Pranathi Sai Prathyusha Mudiveti,612ef7a544c8ed006880e7cb,,,,,,,,,,,,,,,,,,,,,,,{},,P1-96,,,,,0|i000k6:zv,,P1 Sprint 12,,,,,,,,Done
Verify that admin can able to search with the email id,P1-143,10168,Test,Done,P1,Project 1,software,Pranathi Sai Prathyusha Mudiveti,612ef7a544c8ed006880e7cb,,Medium,Done,Pranathi Sai Prathyusha Mudiveti,612ef7a544c8ed006880e7cb,Pranathi Sai Prathyusha Mudiveti,612ef7a544c8ed006880e7cb,Pranathi Sai Prathyusha Mudiveti,612ef7a544c8ed006880e7cb,08-09-2021 05:21,08-09-2021 05:59,08-09-2021 05:41,08-09-2021 05:59,Version 11,,0,,,Pranathi Sai Prathyusha Mudiveti,612ef7a544c8ed006880e7cb,,,,,,,,,,,,,,,,,,,,,,,{},,P1-96,,,,,0|i000k6:zr,,P1 Sprint 12,,,,,,,,Done
"As a admin, admin can able to delete the records ",P1-142,10167,Task,Done,P1,Project 1,software,Pranathi Sai Prathyusha Mudiveti,612ef7a544c8ed006880e7cb,,Medium,Done,Pranathi Sai Prathyusha Mudiveti,612ef7a544c8ed006880e7cb,Pranathi Sai Prathyusha Mudiveti,612ef7a544c8ed006880e7cb,Pranathi Sai Prathyusha Mudiveti,612ef7a544c8ed006880e7cb,08-09-2021 05:20,08-09-2021 05:59,08-09-2021 05:20,08-09-2021 05:59,Version 11,,0,,,Pranathi Sai Prathyusha Mudiveti,612ef7a544c8ed006880e7cb,,,,,,,,,P1-146,,,,,,,,,,,,,,{},,P1-96,,,,,0|i000k6:zi,,P1 Sprint 12,,,,,,,,Done
"As a admin, admin an able to search with the IP address of the customer",P1-141,10166,Task,Done,P1,Project 1,software,Pranathi Sai Prathyusha Mudiveti,612ef7a544c8ed006880e7cb,,Medium,Done,Pranathi Sai Prathyusha Mudiveti,612ef7a544c8ed006880e7cb,Pranathi Sai Prathyusha Mudiveti,612ef7a544c8ed006880e7cb,Pranathi Sai Prathyusha Mudiveti,612ef7a544c8ed006880e7cb,08-09-2021 05:18,08-09-2021 05:59,08-09-2021 05:18,08-09-2021 05:59,Version 11,,0,,,Pranathi Sai Prathyusha Mudiveti,612ef7a544c8ed006880e7cb,,,,,,,,,P1-145,,,,,,,,,,,,,,{},,P1-96,,,,,0|i000k6:z,,P1 Sprint 12,,,,,,,,Done
"As a admin, admin can able to get of details of customers with the status",P1-140,10165,Task,Done,P1,Project 1,software,Pranathi Sai Prathyusha Mudiveti,612ef7a544c8ed006880e7cb,,Medium,Done,Pranathi Sai Prathyusha Mudiveti,612ef7a544c8ed006880e7cb,Pranathi Sai Prathyusha Mudiveti,612ef7a544c8ed006880e7cb,Pranathi Sai Prathyusha Mudiveti,612ef7a544c8ed006880e7cb,08-09-2021 05:16,08-09-2021 05:59,08-09-2021 05:16,08-09-2021 05:59,Version 11,,0,,,Pranathi Sai Prathyusha Mudiveti,612ef7a544c8ed006880e7cb,,,,,,,,,P1-144,,,,,,,,,,,,,,{},,P1-96,,,,,0|i000k6:y,,P1 Sprint 12,,,,,,,,Done
"As a admin, admin can able to search with the customers email id ",P1-139,10164,Task,Done,P1,Project 1,software,Pranathi Sai Prathyusha Mudiveti,612ef7a544c8ed006880e7cb,,Medium,Done,Pranathi Sai Prathyusha Mudiveti,612ef7a544c8ed006880e7cb,Pranathi Sai Prathyusha Mudiveti,612ef7a544c8ed006880e7cb,Pranathi Sai Prathyusha Mudiveti,612ef7a544c8ed006880e7cb,08-09-2021 05:15,08-09-2021 05:59,08-09-2021 05:15,08-09-2021 05:59,Version 11,,0,,,Pranathi Sai Prathyusha Mudiveti,612ef7a544c8ed006880e7cb,,,,,,,,,P1-143,,,,,,,,,,,,,,{},,P1-96,,,,,0|i000k6:x,,P1 Sprint 12,,,,,,,,Done
Verify that admin can able to search the details with the date of customer has been added,P1-138,10163,Test,Done,P1,Project 1,software,Pranathi Sai Prathyusha Mudiveti,612ef7a544c8ed006880e7cb,,Medium,Done,Pranathi Sai Prathyusha Mudiveti,612ef7a544c8ed006880e7cb,Pranathi Sai Prathyusha Mudiveti,612ef7a544c8ed006880e7cb,Pranathi Sai Prathyusha Mudiveti,612ef7a544c8ed006880e7cb,08-09-2021 05:13,08-09-2021 05:59,08-09-2021 05:41,08-09-2021 05:59,Version 11,,0,,,Pranathi Sai Prathyusha Mudiveti,612ef7a544c8ed006880e7cb,,,,,,,,,,,,,,,,,,,,,,,{},,P1-96,,,,,0|i000k6:v,,P1 Sprint 12,,,,,,,,Done
"As a admin, admin can able to search the customers with the date of customer addition",P1-137,10162,Task,Done,P1,Project 1,software,Pranathi Sai Prathyusha Mudiveti,612ef7a544c8ed006880e7cb,,Medium,Done,Pranathi Sai Prathyusha Mudiveti,612ef7a544c8ed006880e7cb,Pranathi Sai Prathyusha Mudiveti,612ef7a544c8ed006880e7cb,Pranathi Sai Prathyusha Mudiveti,612ef7a544c8ed006880e7cb,08-09-2021 05:10,08-09-2021 05:59,08-09-2021 05:10,08-09-2021 05:59,Version 11,,0,,,Pranathi Sai Prathyusha Mudiveti,612ef7a544c8ed006880e7cb,,,,,,,,,,,,,,,,,,,,,,,{},,P1-96,,,,,0|i000k6:r,,P1 Sprint 12,,,,,,,,Done
Verify that admin can able to search with the approved status of the customers,P1-136,10161,Test,Done,P1,Project 1,software,Pranathi Sai Prathyusha Mudiveti,612ef7a544c8ed006880e7cb,,Medium,Done,Pranathi Sai Prathyusha Mudiveti,612ef7a544c8ed006880e7cb,Pranathi Sai Prathyusha Mudiveti,612ef7a544c8ed006880e7cb,Pranathi Sai Prathyusha Mudiveti,612ef7a544c8ed006880e7cb,08-09-2021 05:07,08-09-2021 05:59,08-09-2021 05:36,08-09-2021 05:59,Version 11,,0,,,Pranathi Sai Prathyusha Mudiveti,612ef7a544c8ed006880e7cb,,,,,,,,,,,,,,,,,,,,,,,{},,P1-96,,,,,0|i000k6:i,,P1 Sprint 12,,,,,,,,Done
As a admin can able to filter the customers with the approved status,P1-135,10160,Task,Done,P1,Project 1,software,Pranathi Sai Prathyusha Mudiveti,612ef7a544c8ed006880e7cb,,Medium,Done,Pranathi Sai Prathyusha Mudiveti,612ef7a544c8ed006880e7cb,Pranathi Sai Prathyusha Mudiveti,612ef7a544c8ed006880e7cb,Pranathi Sai Prathyusha Mudiveti,612ef7a544c8ed006880e7cb,08-09-2021 05:05,08-09-2021 05:58,08-09-2021 05:05,08-09-2021 05:58,Version 11,,0,,,Pranathi Sai Prathyusha Mudiveti,612ef7a544c8ed006880e7cb,,,,,,,,,P1-136,,,,,,,,,,,,,,{},,P1-96,,,,,0|i000k6:,,P1 Sprint 12,,,,,,,,Done
Verify that admin can able to search with the customer group,P1-134,10159,Test,Done,P1,Project 1,software,Pranathi Sai Prathyusha Mudiveti,612ef7a544c8ed006880e7cb,,Medium,Done,Pranathi Sai Prathyusha Mudiveti,612ef7a544c8ed006880e7cb,Pranathi Sai Prathyusha Mudiveti,612ef7a544c8ed006880e7cb,Pranathi Sai Prathyusha Mudiveti,612ef7a544c8ed006880e7cb,08-09-2021 05:03,08-09-2021 05:59,08-09-2021 05:32,08-09-2021 05:59,Version 11,,0,,,Pranathi Sai Prathyusha Mudiveti,612ef7a544c8ed006880e7cb,,,,,,,,,,,,,,,,,,,,,,,{},,P1-96,,,,,0|i000k5:,,P1 Sprint 12,,,,,,,,Done
"As a admin, admin can able to search the customers with the type pf customer group",P1-133,10158,Task,Done,P1,Project 1,software,Pranathi Sai Prathyusha Mudiveti,612ef7a544c8ed006880e7cb,,Medium,Done,Pranathi Sai Prathyusha Mudiveti,612ef7a544c8ed006880e7cb,Pranathi Sai Prathyusha Mudiveti,612ef7a544c8ed006880e7cb,Pranathi Sai Prathyusha Mudiveti,612ef7a544c8ed006880e7cb,08-09-2021 05:02,08-09-2021 05:58,08-09-2021 05:02,08-09-2021 05:58,Version 11,,0,,,Pranathi Sai Prathyusha Mudiveti,612ef7a544c8ed006880e7cb,,,,,,,,,P1-134,,,,,,,,,,,,,,{},,P1-96,,,,,0|i000k3:,,P1 Sprint 12,,,,,,,,Done
Verify that admin can able to search with the customer name ,P1-132,10157,Test,Done,P1,Project 1,software,Pranathi Sai Prathyusha Mudiveti,612ef7a544c8ed006880e7cb,,Medium,Done,Pranathi Sai Prathyusha Mudiveti,612ef7a544c8ed006880e7cb,Pranathi Sai Prathyusha Mudiveti,612ef7a544c8ed006880e7cb,Pranathi Sai Prathyusha Mudiveti,612ef7a544c8ed006880e7cb,08-09-2021 04:46,08-09-2021 04:59,08-09-2021 04:48,08-09-2021 04:59,Version 11,,0,,,Pranathi Sai Prathyusha Mudiveti,612ef7a544c8ed006880e7cb,7200,7200,,0%,7200,7200,,,,,,,,,,,,,,,,,{},,P1-96,,,,,0|i000il:,,P1 Sprint 11,,,,,,,,Done
"As a admin, admin can able to search with the name of the customer",P1-131,10156,Task,Done,P1,Project 1,software,Pranathi Sai Prathyusha Mudiveti,612ef7a544c8ed006880e7cb,,Medium,Done,Pranathi Sai Prathyusha Mudiveti,612ef7a544c8ed006880e7cb,Pranathi Sai Prathyusha Mudiveti,612ef7a544c8ed006880e7cb,Pranathi Sai Prathyusha Mudiveti,612ef7a544c8ed006880e7cb,08-09-2021 04:45,08-09-2021 04:59,08-09-2021 04:48,08-09-2021 04:59,Version 11,,0,,,Pranathi Sai Prathyusha Mudiveti,612ef7a544c8ed006880e7cb,7200,7200,,0%,7200,7200,,,P1-132,,,,,,,,,,,,,,{},,P1-96,,,,,0|i000ij:,,P1 Sprint 11,,,,,,,,Done
Validate that confirm password should match with the password,P1-130,10155,Bug,Done,P1,Project 1,software,Pranathi Sai Prathyusha Mudiveti,612ef7a544c8ed006880e7cb,,Medium,Done,Pranathi Sai Prathyusha Mudiveti,612ef7a544c8ed006880e7cb,Pranathi Sai Prathyusha Mudiveti,612ef7a544c8ed006880e7cb,Pranathi Sai Prathyusha Mudiveti,612ef7a544c8ed006880e7cb,07-09-2021 05:13,09-09-2021 05:06,09-09-2021 05:02,07-09-2021 05:20,Version 10,,0,,,Pranathi Sai Prathyusha Mudiveti,612ef7a544c8ed006880e7cb,,,,,,,,,P1-127,,,,,,,,,,,,,,{},,P1-96,,,,,0|i000mn:,,P1 Sprint 10,,,,,,,,Done
Validate that mail should contain @ notation,P1-129,10154,Bug,Done,P1,Project 1,software,Pranathi Sai Prathyusha Mudiveti,612ef7a544c8ed006880e7cb,,Medium,Done,Pranathi Sai Prathyusha Mudiveti,612ef7a544c8ed006880e7cb,Pranathi Sai Prathyusha Mudiveti,612ef7a544c8ed006880e7cb,Pranathi Sai Prathyusha Mudiveti,612ef7a544c8ed006880e7cb,07-09-2021 05:12,09-09-2021 05:06,09-09-2021 05:02,07-09-2021 05:20,Version 10,,0,,,Pranathi Sai Prathyusha Mudiveti,612ef7a544c8ed006880e7cb,,,,,,,,,P1-127,,,,,,,,,,,,,,{},,P1-96,,,,,0|i000mf:,,P1 Sprint 10,,,,,,,,Done
Validate that customer first name or last name should not have alpha numeric,P1-128,10153,Bug,Done,P1,Project 1,software,Pranathi Sai Prathyusha Mudiveti,612ef7a544c8ed006880e7cb,,Medium,Done,Pranathi Sai Prathyusha Mudiveti,612ef7a544c8ed006880e7cb,Pranathi Sai Prathyusha Mudiveti,612ef7a544c8ed006880e7cb,Pranathi Sai Prathyusha Mudiveti,612ef7a544c8ed006880e7cb,07-09-2021 05:10,09-09-2021 05:06,09-09-2021 05:03,07-09-2021 05:18,Version 10,,0,,,Pranathi Sai Prathyusha Mudiveti,612ef7a544c8ed006880e7cb,,,,,,,,,P1-127,,,,,,,,,,,,,,{},,P1-96,,,,,0|i000m7:,,P1 Sprint 10,,,,,,,,Done
Verify that admin can save the details and to go back to the home page,P1-127,10152,Test,Done,P1,Project 1,software,Pranathi Sai Prathyusha Mudiveti,612ef7a544c8ed006880e7cb,,Medium,Done,Pranathi Sai Prathyusha Mudiveti,612ef7a544c8ed006880e7cb,Pranathi Sai Prathyusha Mudiveti,612ef7a544c8ed006880e7cb,Pranathi Sai Prathyusha Mudiveti,612ef7a544c8ed006880e7cb,07-09-2021 04:36,07-09-2021 05:17,07-09-2021 04:48,07-09-2021 05:17,Version 10,,0,,,Pranathi Sai Prathyusha Mudiveti,612ef7a544c8ed006880e7cb,7200,7200,,0%,7200,7200,,,P1-128,P1-129,P1-130,,,,,,,,,,,,{},,P1-96,,,,,0|i000ie:r,,P1 Sprint 10,,,,,,,,Done
Verify that admin can enter the details of the customer to add,P1-126,10151,Test,Done,P1,Project 1,software,Pranathi Sai Prathyusha Mudiveti,612ef7a544c8ed006880e7cb,,Medium,Done,Pranathi Sai Prathyusha Mudiveti,612ef7a544c8ed006880e7cb,Pranathi Sai Prathyusha Mudiveti,612ef7a544c8ed006880e7cb,Pranathi Sai Prathyusha Mudiveti,612ef7a544c8ed006880e7cb,07-09-2021 04:35,07-09-2021 05:18,07-09-2021 04:58,07-09-2021 05:18,Version 10,,0,,,Pranathi Sai Prathyusha Mudiveti,612ef7a544c8ed006880e7cb,7200,7200,,0%,7200,7200,,,,,,,,,,,,,,,,,{},,P1-96,,,,,0|i000ie:v,,P1 Sprint 10,,,,,,,,Done
Verify that admin can able to navigate to the page to add details,P1-125,10150,Test,Done,P1,Project 1,software,Pranathi Sai Prathyusha Mudiveti,612ef7a544c8ed006880e7cb,,Medium,Done,Pranathi Sai Prathyusha Mudiveti,612ef7a544c8ed006880e7cb,Pranathi Sai Prathyusha Mudiveti,612ef7a544c8ed006880e7cb,Pranathi Sai Prathyusha Mudiveti,612ef7a544c8ed006880e7cb,07-09-2021 04:34,07-09-2021 05:18,07-09-2021 04:44,07-09-2021 05:18,Version 10,,0,,,Pranathi Sai Prathyusha Mudiveti,612ef7a544c8ed006880e7cb,7200,7200,,0%,7200,7200,,,,,,,,,,,,,,,,,{},,P1-96,,,,,0|i000ie:i,,P1 Sprint 10,,,,,,,,Done
"As a admin, admin can able to save or cancel the adding customers",P1-124,10149,Task,Done,P1,Project 1,software,Pranathi Sai Prathyusha Mudiveti,612ef7a544c8ed006880e7cb,,Medium,Done,Pranathi Sai Prathyusha Mudiveti,612ef7a544c8ed006880e7cb,Pranathi Sai Prathyusha Mudiveti,612ef7a544c8ed006880e7cb,Pranathi Sai Prathyusha Mudiveti,612ef7a544c8ed006880e7cb,07-09-2021 04:27,07-09-2021 05:17,07-09-2021 04:42,07-09-2021 05:17,Version 10,,0,,,Pranathi Sai Prathyusha Mudiveti,612ef7a544c8ed006880e7cb,28800,28800,,0%,28800,28800,,,P1-127,,,,,,,,,,,,,,{},,P1-96,,,,,0|i000ie:,,P1 Sprint 10,,,,,,,,Done
"As a admin, admin can able to enter the details of the customer",P1-123,10148,Task,Done,P1,Project 1,software,Pranathi Sai Prathyusha Mudiveti,612ef7a544c8ed006880e7cb,,Medium,Done,Pranathi Sai Prathyusha Mudiveti,612ef7a544c8ed006880e7cb,Pranathi Sai Prathyusha Mudiveti,612ef7a544c8ed006880e7cb,Pranathi Sai Prathyusha Mudiveti,612ef7a544c8ed006880e7cb,07-09-2021 04:26,07-09-2021 05:17,07-09-2021 04:41,07-09-2021 05:17,Version 10,,0,,,Pranathi Sai Prathyusha Mudiveti,612ef7a544c8ed006880e7cb,28800,28800,,0%,28800,28800,,,P1-126,,,,,,,,,,,,,,{},,P1-96,,,,,0|i000id:,,P1 Sprint 10,,,,,,,,Done
"As a admin, admin can able to navigate to the page to add customer ",P1-122,10147,Task,Done,P1,Project 1,software,Pranathi Sai Prathyusha Mudiveti,612ef7a544c8ed006880e7cb,,Medium,Done,Pranathi Sai Prathyusha Mudiveti,612ef7a544c8ed006880e7cb,Pranathi Sai Prathyusha Mudiveti,612ef7a544c8ed006880e7cb,Pranathi Sai Prathyusha Mudiveti,612ef7a544c8ed006880e7cb,07-09-2021 04:25,07-09-2021 05:17,07-09-2021 04:42,07-09-2021 05:17,Version 10,,0,,,Pranathi Sai Prathyusha Mudiveti,612ef7a544c8ed006880e7cb,28800,28800,,0%,28800,28800,,,P1-125,,,,,,,,,,,,,,{},,P1-96,,,,,0|i000ib:,,P1 Sprint 10,,,,,,,,Done
Verify that admin can able to add the customer details,P1-121,10146,Test,Done,P1,Project 1,software,Pranathi Sai Prathyusha Mudiveti,612ef7a544c8ed006880e7cb,,Medium,Done,Pranathi Sai Prathyusha Mudiveti,612ef7a544c8ed006880e7cb,Pranathi Sai Prathyusha Mudiveti,612ef7a544c8ed006880e7cb,Pranathi Sai Prathyusha Mudiveti,612ef7a544c8ed006880e7cb,06-09-2021 14:42,06-09-2021 14:57,06-09-2021 14:51,06-09-2021 14:57,Version 9,,0,,,Pranathi Sai Prathyusha Mudiveti,612ef7a544c8ed006880e7cb,7200,7200,,0%,7200,7200,,,,,,,,,,,,,,,,,{},,P1-97,,,,,0|i000ke:r,,P1 Sprint 9,,,,,,,,Done
Verify that admin can able to enter the details,P1-120,10145,Test,Done,P1,Project 1,software,Pranathi Sai Prathyusha Mudiveti,612ef7a544c8ed006880e7cb,,Medium,Done,Pranathi Sai Prathyusha Mudiveti,612ef7a544c8ed006880e7cb,Pranathi Sai Prathyusha Mudiveti,612ef7a544c8ed006880e7cb,Pranathi Sai Prathyusha Mudiveti,612ef7a544c8ed006880e7cb,06-09-2021 14:39,06-09-2021 14:57,06-09-2021 14:49,06-09-2021 14:57,Version 9,,0,,,Pranathi Sai Prathyusha Mudiveti,612ef7a544c8ed006880e7cb,7200,7200,,0%,7200,7200,,,,,,,,,,,,,,,,,{},,P1-97,,,,,0|i000ke:i,,P1 Sprint 9,,,,,,,,Done
Verify that admin can able to add customers ,P1-119,10144,Test,Done,P1,Project 1,software,Pranathi Sai Prathyusha Mudiveti,612ef7a544c8ed006880e7cb,,Medium,Done,Pranathi Sai Prathyusha Mudiveti,612ef7a544c8ed006880e7cb,Pranathi Sai Prathyusha Mudiveti,612ef7a544c8ed006880e7cb,Pranathi Sai Prathyusha Mudiveti,612ef7a544c8ed006880e7cb,06-09-2021 14:35,06-09-2021 14:57,06-09-2021 14:43,06-09-2021 14:57,Version 9,,0,,,Pranathi Sai Prathyusha Mudiveti,612ef7a544c8ed006880e7cb,7200,7200,,0%,7200,7200,,,,,,,,,,,,,,,,,{},,P1-97,,,,,0|i000ke:,,P1 Sprint 9,,,,,,,,Done
"As a admin, admin can able to enter the details to add the customer",P1-118,10143,Task,Done,P1,Project 1,software,Pranathi Sai Prathyusha Mudiveti,612ef7a544c8ed006880e7cb,,Medium,Done,Pranathi Sai Prathyusha Mudiveti,612ef7a544c8ed006880e7cb,Pranathi Sai Prathyusha Mudiveti,612ef7a544c8ed006880e7cb,Pranathi Sai Prathyusha Mudiveti,612ef7a544c8ed006880e7cb,06-09-2021 14:31,06-09-2021 14:57,06-09-2021 14:31,06-09-2021 14:57,Version 9,,0,,,Pranathi Sai Prathyusha Mudiveti,612ef7a544c8ed006880e7cb,,,,,,,,,P1-120,P1-121,,,,,,,,,,,,,{},,P1-97,,,,,0|i000kd:,,P1 Sprint 9,,,,,,,,Done
"As a admin, admin can able to add customers ",P1-117,10142,Task,Done,P1,Project 1,software,Pranathi Sai Prathyusha Mudiveti,612ef7a544c8ed006880e7cb,,Medium,Done,Pranathi Sai Prathyusha Mudiveti,612ef7a544c8ed006880e7cb,Pranathi Sai Prathyusha Mudiveti,612ef7a544c8ed006880e7cb,Pranathi Sai Prathyusha Mudiveti,612ef7a544c8ed006880e7cb,06-09-2021 14:28,06-09-2021 14:57,06-09-2021 14:28,06-09-2021 14:57,Version 9,,0,,,Pranathi Sai Prathyusha Mudiveti,612ef7a544c8ed006880e7cb,,,,,,,,,P1-119,,,,,,,,,,,,,,{},,P1-97,,,,,0|i000kb:,,P1 Sprint 9,,,,,,,,Done
Validate that if details are entered it should be saved,P1-116,10141,Bug,Done,P1,Project 1,software,Pranathi Sai Prathyusha Mudiveti,612ef7a544c8ed006880e7cb,,Medium,Done,Pranathi Sai Prathyusha Mudiveti,612ef7a544c8ed006880e7cb,Pranathi Sai Prathyusha Mudiveti,612ef7a544c8ed006880e7cb,Pranathi Sai Prathyusha Mudiveti,612ef7a544c8ed006880e7cb,06-09-2021 09:55,09-09-2021 05:06,09-09-2021 05:03,06-09-2021 09:59,Version 8,,0,,,Pranathi Sai Prathyusha Mudiveti,612ef7a544c8ed006880e7cb,,,,,,,,,P1-112,,,,,,,,,,,,,,{},,P1-98,,,,,0|i000lz:,,P1 Sprint 8,,,,,,,,Done
Validate that admin can able to add the details,P1-115,10140,Bug,Done,P1,Project 1,software,Pranathi Sai Prathyusha Mudiveti,612ef7a544c8ed006880e7cb,,Medium,Done,Pranathi Sai Prathyusha Mudiveti,612ef7a544c8ed006880e7cb,Pranathi Sai Prathyusha Mudiveti,612ef7a544c8ed006880e7cb,Pranathi Sai Prathyusha Mudiveti,612ef7a544c8ed006880e7cb,06-09-2021 09:53,09-09-2021 05:06,09-09-2021 05:04,06-09-2021 09:59,Version 8,,0,,,Pranathi Sai Prathyusha Mudiveti,612ef7a544c8ed006880e7cb,,,,,,,,,P1-112,,,,,,,,,,,,,,{},,P1-98,,,,,0|i000lr:,,P1 Sprint 8,,,,,,,,Done
Verify the custom field and select the field to delete,P1-114,10139,Test,Done,P1,Project 1,software,Pranathi Sai Prathyusha Mudiveti,612ef7a544c8ed006880e7cb,,Medium,Done,Pranathi Sai Prathyusha Mudiveti,612ef7a544c8ed006880e7cb,Pranathi Sai Prathyusha Mudiveti,612ef7a544c8ed006880e7cb,Pranathi Sai Prathyusha Mudiveti,612ef7a544c8ed006880e7cb,06-09-2021 09:22,06-09-2021 09:59,09-09-2021 05:09,06-09-2021 09:59,Version 8,,0,,,Pranathi Sai Prathyusha Mudiveti,612ef7a544c8ed006880e7cb,,,,,,,,,,,,,,,,,,,,,,,{},,P1-98,,,,,0|i000lj:,,P1 Sprint 8,,,,,,,,Done
Verify the fields inside the add button and if don't want to add the details cancel the data entry,P1-113,10138,Test,Done,P1,Project 1,software,Pranathi Sai Prathyusha Mudiveti,612ef7a544c8ed006880e7cb,,Medium,Done,Pranathi Sai Prathyusha Mudiveti,612ef7a544c8ed006880e7cb,Pranathi Sai Prathyusha Mudiveti,612ef7a544c8ed006880e7cb,Pranathi Sai Prathyusha Mudiveti,612ef7a544c8ed006880e7cb,06-09-2021 09:18,06-09-2021 09:59,09-09-2021 05:09,06-09-2021 09:59,Version 8,,0,,,Pranathi Sai Prathyusha Mudiveti,612ef7a544c8ed006880e7cb,,,,,,,,,,,,,,,,,,,,,,,{},,P1-98,,,,,0|i000lb:,,P1 Sprint 8,,,,,,,,Done
Verify the fields inside the add button and save the data,P1-112,10137,Test,Done,P1,Project 1,software,Pranathi Sai Prathyusha Mudiveti,612ef7a544c8ed006880e7cb,,Medium,Done,Pranathi Sai Prathyusha Mudiveti,612ef7a544c8ed006880e7cb,Pranathi Sai Prathyusha Mudiveti,612ef7a544c8ed006880e7cb,Pranathi Sai Prathyusha Mudiveti,612ef7a544c8ed006880e7cb,06-09-2021 09:15,06-09-2021 09:59,06-09-2021 09:41,06-09-2021 09:59,Version 8,,0,,,Pranathi Sai Prathyusha Mudiveti,612ef7a544c8ed006880e7cb,,,,,,,,,P1-115,P1-116,,,,,,,,,,,,,{},,P1-98,,,,,0|i000l3:,,P1 Sprint 8,,,,,,,,Done
"As a admin, admin can delete the details of customs ",P1-111,10136,Task,Done,P1,Project 1,software,Pranathi Sai Prathyusha Mudiveti,612ef7a544c8ed006880e7cb,,Medium,Done,Pranathi Sai Prathyusha Mudiveti,612ef7a544c8ed006880e7cb,Pranathi Sai Prathyusha Mudiveti,612ef7a544c8ed006880e7cb,Pranathi Sai Prathyusha Mudiveti,612ef7a544c8ed006880e7cb,06-09-2021 08:57,06-09-2021 09:59,09-09-2021 05:09,06-09-2021 09:59,,,0,,,Pranathi Sai Prathyusha Mudiveti,612ef7a544c8ed006880e7cb,,,,,,,,,P1-114,,,,,,,,,,,,,,{},,P1-98,,,,,0|i000kv:,,P1 Sprint 8,,,,,,,,Done
"As a admin, admin can able add the details of custom",P1-110,10135,Task,Done,P1,Project 1,software,Pranathi Sai Prathyusha Mudiveti,612ef7a544c8ed006880e7cb,,Medium,Done,Pranathi Sai Prathyusha Mudiveti,612ef7a544c8ed006880e7cb,Pranathi Sai Prathyusha Mudiveti,612ef7a544c8ed006880e7cb,Pranathi Sai Prathyusha Mudiveti,612ef7a544c8ed006880e7cb,06-09-2021 08:56,06-09-2021 09:59,09-09-2021 05:09,06-09-2021 09:59,,,0,,,Pranathi Sai Prathyusha Mudiveti,612ef7a544c8ed006880e7cb,,,,,,,,,P1-112,P1-113,,,,,,,,,,,,,{},,P1-98,,,,,0|i000kn:,,P1 Sprint 8,,,,,,,,Done
Custom Field List,P1-109,10134,Story,Done,P1,Project 1,software,Pranathi Sai Prathyusha Mudiveti,612ef7a544c8ed006880e7cb,,Medium,Done,Pranathi Sai Prathyusha Mudiveti,612ef7a544c8ed006880e7cb,Pranathi Sai Prathyusha Mudiveti,612ef7a544c8ed006880e7cb,Pranathi Sai Prathyusha Mudiveti,612ef7a544c8ed006880e7cb,06-09-2021 07:14,09-09-2021 03:41,09-09-2021 03:41,06-09-2021 09:59,Version 8,,0,,,Pranathi Sai Prathyusha Mudiveti,612ef7a544c8ed006880e7cb,,,,,,,,,P1-110,P1-111,,,,,,,,,,,,,{},,P1-98,,,,,0|i000kf:,,P1 Sprint 8,,8,,,,,,Done
Customer Group,P1-108,10133,Story,Done,P1,Project 1,software,Pranathi Sai Prathyusha Mudiveti,612ef7a544c8ed006880e7cb,,Medium,Done,Pranathi Sai Prathyusha Mudiveti,612ef7a544c8ed006880e7cb,Pranathi Sai Prathyusha Mudiveti,612ef7a544c8ed006880e7cb,Pranathi Sai Prathyusha Mudiveti,612ef7a544c8ed006880e7cb,06-09-2021 07:14,06-09-2021 14:57,06-09-2021 14:13,06-09-2021 14:57,,,0,,,Pranathi Sai Prathyusha Mudiveti,612ef7a544c8ed006880e7cb,,,,,,,,,P1-117,P1-118,,,,,,,,,,,,,{},,P1-97,,,,,0|i000k7:,,P1 Sprint 9,,8,,,,,,Done
Delete,P1-107,10132,Story,Done,P1,Project 1,software,Pranathi Sai Prathyusha Mudiveti,612ef7a544c8ed006880e7cb,,Medium,Done,Pranathi Sai Prathyusha Mudiveti,612ef7a544c8ed006880e7cb,Pranathi Sai Prathyusha Mudiveti,612ef7a544c8ed006880e7cb,Pranathi Sai Prathyusha Mudiveti,612ef7a544c8ed006880e7cb,06-09-2021 07:12,08-09-2021 05:58,08-09-2021 05:30,08-09-2021 05:58,Version 11,,0,,,Pranathi Sai Prathyusha Mudiveti,612ef7a544c8ed006880e7cb,,,,,,,,,P1-142,,,,,,,,,,,,,,{},,P1-96,,,,,0|i000jz:,,P1 Sprint 12,,8,,,,,,Done
IP,P1-106,10131,Story,Done,P1,Project 1,software,Pranathi Sai Prathyusha Mudiveti,612ef7a544c8ed006880e7cb,,Medium,Done,Pranathi Sai Prathyusha Mudiveti,612ef7a544c8ed006880e7cb,Pranathi Sai Prathyusha Mudiveti,612ef7a544c8ed006880e7cb,Pranathi Sai Prathyusha Mudiveti,612ef7a544c8ed006880e7cb,06-09-2021 07:12,08-09-2021 05:59,08-09-2021 05:29,08-09-2021 05:59,Version 11,,0,,,Pranathi Sai Prathyusha Mudiveti,612ef7a544c8ed006880e7cb,,,,,,,,,P1-141,,,,,,,,,,,,,,{},,P1-96,,,,,0|i000jr:,,P1 Sprint 12,,8,,,,,,Done
Status,P1-105,10130,Story,Done,P1,Project 1,software,Pranathi Sai Prathyusha Mudiveti,612ef7a544c8ed006880e7cb,,Medium,Done,Pranathi Sai Prathyusha Mudiveti,612ef7a544c8ed006880e7cb,Pranathi Sai Prathyusha Mudiveti,612ef7a544c8ed006880e7cb,Pranathi Sai Prathyusha Mudiveti,612ef7a544c8ed006880e7cb,06-09-2021 07:12,08-09-2021 05:59,08-09-2021 05:29,08-09-2021 05:59,Version 11,,0,,,Pranathi Sai Prathyusha Mudiveti,612ef7a544c8ed006880e7cb,,,,,,,,,P1-140,,,,,,,,,,,,,,{},,P1-96,,,,,0|i000k1:,,P1 Sprint 12,,8,,,,,,Done
Email,P1-104,10129,Story,Done,P1,Project 1,software,Pranathi Sai Prathyusha Mudiveti,612ef7a544c8ed006880e7cb,,Medium,Done,Pranathi Sai Prathyusha Mudiveti,612ef7a544c8ed006880e7cb,Pranathi Sai Prathyusha Mudiveti,612ef7a544c8ed006880e7cb,Pranathi Sai Prathyusha Mudiveti,612ef7a544c8ed006880e7cb,06-09-2021 07:12,08-09-2021 05:58,08-09-2021 05:29,08-09-2021 05:58,Version 11,,0,,,Pranathi Sai Prathyusha Mudiveti,612ef7a544c8ed006880e7cb,,,,,,,,,P1-139,,,,,,,,,,,,,,{},,P1-96,,,,,0|i000jb:,,P1 Sprint 12,,8,,,,,,Done
Date added,P1-103,10128,Story,Done,P1,Project 1,software,Pranathi Sai Prathyusha Mudiveti,612ef7a544c8ed006880e7cb,,Medium,Done,Pranathi Sai Prathyusha Mudiveti,612ef7a544c8ed006880e7cb,Pranathi Sai Prathyusha Mudiveti,612ef7a544c8ed006880e7cb,Pranathi Sai Prathyusha Mudiveti,612ef7a544c8ed006880e7cb,06-09-2021 07:11,08-09-2021 05:58,08-09-2021 05:29,08-09-2021 05:58,Version 11,,0,,,Pranathi Sai Prathyusha Mudiveti,612ef7a544c8ed006880e7cb,,,,,,,,,P1-137,P1-138,,,,,,,,,,,,,{},,P1-96,,,,,0|i000im:i,,P1 Sprint 12,,8,,,,,,Done
Approved,P1-102,10127,Story,Done,P1,Project 1,software,Pranathi Sai Prathyusha Mudiveti,612ef7a544c8ed006880e7cb,,Medium,Done,Pranathi Sai Prathyusha Mudiveti,612ef7a544c8ed006880e7cb,Pranathi Sai Prathyusha Mudiveti,612ef7a544c8ed006880e7cb,Pranathi Sai Prathyusha Mudiveti,612ef7a544c8ed006880e7cb,06-09-2021 07:11,08-09-2021 05:58,08-09-2021 05:29,08-09-2021 05:58,Version 11,,0,,,Pranathi Sai Prathyusha Mudiveti,612ef7a544c8ed006880e7cb,,,,,,,,,P1-135,,,,,,,,,,,,,,{},,P1-96,,,,,0|i000im:,,P1 Sprint 12,,8,,,,,,Done
Customer Group,P1-101,10126,Story,Done,P1,Project 1,software,Pranathi Sai Prathyusha Mudiveti,612ef7a544c8ed006880e7cb,,Medium,Done,Pranathi Sai Prathyusha Mudiveti,612ef7a544c8ed006880e7cb,Pranathi Sai Prathyusha Mudiveti,612ef7a544c8ed006880e7cb,Pranathi Sai Prathyusha Mudiveti,612ef7a544c8ed006880e7cb,06-09-2021 07:11,08-09-2021 05:58,08-09-2021 05:28,08-09-2021 05:58,Version 11,,0,,,Pranathi Sai Prathyusha Mudiveti,612ef7a544c8ed006880e7cb,,,,,,,,,P1-133,,,,,,,,,,,,,,{},,P1-96,,,,,0|i000in:,,P1 Sprint 12,,8,,,,,,Done
Customer Name,P1-100,10125,Story,Done,P1,Project 1,software,Pranathi Sai Prathyusha Mudiveti,612ef7a544c8ed006880e7cb,,Medium,Done,Pranathi Sai Prathyusha Mudiveti,612ef7a544c8ed006880e7cb,Pranathi Sai Prathyusha Mudiveti,612ef7a544c8ed006880e7cb,Pranathi Sai Prathyusha Mudiveti,612ef7a544c8ed006880e7cb,06-09-2021 07:11,08-09-2021 05:00,08-09-2021 05:00,08-09-2021 04:59,Version 11,,0,,,Pranathi Sai Prathyusha Mudiveti,612ef7a544c8ed006880e7cb,28800,28800,,0%,28800,28800,,,P1-131,,,,,,,,,,,,,,{},,P1-96,,,,,0|i000if:,,P1 Sprint 11,,8,,,,,,Done
Add New Customer,P1-99,10124,Story,Done,P1,Project 1,software,Pranathi Sai Prathyusha Mudiveti,612ef7a544c8ed006880e7cb,,Medium,Done,Pranathi Sai Prathyusha Mudiveti,612ef7a544c8ed006880e7cb,Pranathi Sai Prathyusha Mudiveti,612ef7a544c8ed006880e7cb,Pranathi Sai Prathyusha Mudiveti,612ef7a544c8ed006880e7cb,06-09-2021 07:11,07-09-2021 05:17,07-09-2021 04:41,07-09-2021 05:17,Version 10,,0,,,Pranathi Sai Prathyusha Mudiveti,612ef7a544c8ed006880e7cb,,,,,,,,,P1-122,P1-123,P1-124,,,,,,,,,,,,{},,P1-96,,,,,0|i000i7:,,P1 Sprint 10,,8,,,,,,Done
Custom Fields,P1-98,10123,Epic,To Do,P1,Project 1,software,Pranathi Sai Prathyusha Mudiveti,612ef7a544c8ed006880e7cb,,Medium,,Pranathi Sai Prathyusha Mudiveti,612ef7a544c8ed006880e7cb,Pranathi Sai Prathyusha Mudiveti,612ef7a544c8ed006880e7cb,Pranathi Sai Prathyusha Mudiveti,612ef7a544c8ed006880e7cb,06-09-2021 07:10,06-09-2021 09:55,09-09-2021 05:09,,,,0,,,Pranathi Sai Prathyusha Mudiveti,612ef7a544c8ed006880e7cb,,,,,,,,,,,,,,,,,,,,,,,{},ghx-label-7,,Custom Fields,To Do,,,0|i000hz:,,,,,,,,,,To Do
Customer Group,P1-97,10122,Epic,To Do,P1,Project 1,software,Pranathi Sai Prathyusha Mudiveti,612ef7a544c8ed006880e7cb,,Medium,,Pranathi Sai Prathyusha Mudiveti,612ef7a544c8ed006880e7cb,Pranathi Sai Prathyusha Mudiveti,612ef7a544c8ed006880e7cb,Pranathi Sai Prathyusha Mudiveti,612ef7a544c8ed006880e7cb,06-09-2021 07:10,06-09-2021 14:42,09-09-2021 05:09,,,,0,,,Pranathi Sai Prathyusha Mudiveti,612ef7a544c8ed006880e7cb,,,,,21600,21600,,,,,,,,,,,,,,,,,{},ghx-label-7,,Customer Group,To Do,,,0|i000hr:,,,,,,,,,,To Do
Customers,P1-96,10121,Epic,To Do,P1,Project 1,software,Pranathi Sai Prathyusha Mudiveti,612ef7a544c8ed006880e7cb,,Medium,,Pranathi Sai Prathyusha Mudiveti,612ef7a544c8ed006880e7cb,Pranathi Sai Prathyusha Mudiveti,612ef7a544c8ed006880e7cb,Pranathi Sai Prathyusha Mudiveti,612ef7a544c8ed006880e7cb,06-09-2021 07:10,08-09-2021 05:24,09-09-2021 05:09,,,,0,,,Pranathi Sai Prathyusha Mudiveti,612ef7a544c8ed006880e7cb,,,,,151200,151200,,,,,,,,,,,,,,,,,{},ghx-label-7,,Customers,To Do,,,0|i000hj:,,,,,,,,,,To Do
Validate the edit option,P1-95,10120,Bug,Done,P1,Project 1,software,Pranathi Sai Prathyusha Mudiveti,612ef7a544c8ed006880e7cb,,Medium,Done,Pranathi Sai Prathyusha Mudiveti,612ef7a544c8ed006880e7cb,Pranathi Sai Prathyusha Mudiveti,612ef7a544c8ed006880e7cb,Pranathi Sai Prathyusha Mudiveti,612ef7a544c8ed006880e7cb,06-09-2021 05:37,09-09-2021 05:06,09-09-2021 05:04,06-09-2021 05:39,Version 7,,0,,,Pranathi Sai Prathyusha Mudiveti,612ef7a544c8ed006880e7cb,,,,,,,,,P1-93,,,,,,,,,,,,,,{},,P1-2,,,,,0|i000hb:,,P1 Sprint 7,,,,,,,,Done
Validate that cash on delivery is not accepted and user should pay the bill through online ,P1-94,10119,Bug,Done,P1,Project 1,software,Pranathi Sai Prathyusha Mudiveti,612ef7a544c8ed006880e7cb,,Medium,Done,Pranathi Sai Prathyusha Mudiveti,612ef7a544c8ed006880e7cb,Pranathi Sai Prathyusha Mudiveti,612ef7a544c8ed006880e7cb,Pranathi Sai Prathyusha Mudiveti,612ef7a544c8ed006880e7cb,05-09-2021 11:32,09-09-2021 05:04,09-09-2021 05:04,05-09-2021 11:33,Version 4,,0,,,Pranathi Sai Prathyusha Mudiveti,612ef7a544c8ed006880e7cb,,,,,,,,,P1-89,,,,,,,,,,,,,,{},,P1-2,,,,,0|i000h3:,,P1 Sprint 4,,,,,,,,Done
Verify can able to edit the function or not,P1-93,10118,Test,Done,P1,Project 1,software,Pranathi Sai Prathyusha Mudiveti,612ef7a544c8ed006880e7cb,,Medium,Done,Pranathi Sai Prathyusha Mudiveti,612ef7a544c8ed006880e7cb,Pranathi Sai Prathyusha Mudiveti,612ef7a544c8ed006880e7cb,Pranathi Sai Prathyusha Mudiveti,612ef7a544c8ed006880e7cb,05-09-2021 11:07,06-09-2021 05:39,09-09-2021 05:09,06-09-2021 05:39,Version 7,,0,,,Pranathi Sai Prathyusha Mudiveti,612ef7a544c8ed006880e7cb,,,,,,,,,P1-95,,,,,,,,,,,,,,{},,P1-2,,,,,0|i0005i:zzz,,P1 Sprint 7,,,,,,,,Done
Verify the button is working to install the action to edit details,P1-92,10117,Test,Done,P1,Project 1,software,Pranathi Sai Prathyusha Mudiveti,612ef7a544c8ed006880e7cb,,Medium,Done,Pranathi Sai Prathyusha Mudiveti,612ef7a544c8ed006880e7cb,Pranathi Sai Prathyusha Mudiveti,612ef7a544c8ed006880e7cb,Pranathi Sai Prathyusha Mudiveti,612ef7a544c8ed006880e7cb,05-09-2021 11:07,06-09-2021 05:39,09-09-2021 05:09,06-09-2021 05:39,Version 7,,0,,,Pranathi Sai Prathyusha Mudiveti,612ef7a544c8ed006880e7cb,,,,,,,,,,,,,,,,,,,,,,,{},,P1-2,,,,,0|i0005i:zzy,,P1 Sprint 7,,,,,,,,Done
Verify the sorting order along with the status,P1-91,10116,Test,Done,P1,Project 1,software,Pranathi Sai Prathyusha Mudiveti,612ef7a544c8ed006880e7cb,,Medium,Done,Pranathi Sai Prathyusha Mudiveti,612ef7a544c8ed006880e7cb,Pranathi Sai Prathyusha Mudiveti,612ef7a544c8ed006880e7cb,Pranathi Sai Prathyusha Mudiveti,612ef7a544c8ed006880e7cb,05-09-2021 11:06,05-09-2021 12:00,09-09-2021 05:09,05-09-2021 12:00,Version 6,,0,,,Pranathi Sai Prathyusha Mudiveti,612ef7a544c8ed006880e7cb,,,,,,,,,,,,,,,,,,,,,,,{},,P1-2,,,,,0|i00065:,,P1 Sprint 6,,,,,,,,Done
Verify the Status of the payment method,P1-90,10115,Test,Done,P1,Project 1,software,Pranathi Sai Prathyusha Mudiveti,612ef7a544c8ed006880e7cb,,Medium,Done,Pranathi Sai Prathyusha Mudiveti,612ef7a544c8ed006880e7cb,Pranathi Sai Prathyusha Mudiveti,612ef7a544c8ed006880e7cb,Pranathi Sai Prathyusha Mudiveti,612ef7a544c8ed006880e7cb,05-09-2021 11:06,05-09-2021 11:48,09-09-2021 05:09,05-09-2021 11:43,Version 5,,0,,,Pranathi Sai Prathyusha Mudiveti,612ef7a544c8ed006880e7cb,,,,,,,,,,,,,,,,,,,,,,,{},,P1-2,,,,,0|i0005x:,,P1 Sprint 5,,,,,,,,Done
Verify the list of types of Payment Methods,P1-89,10114,Test,Done,P1,Project 1,software,Pranathi Sai Prathyusha Mudiveti,612ef7a544c8ed006880e7cb,,Medium,Done,Pranathi Sai Prathyusha Mudiveti,612ef7a544c8ed006880e7cb,Pranathi Sai Prathyusha Mudiveti,612ef7a544c8ed006880e7cb,Pranathi Sai Prathyusha Mudiveti,612ef7a544c8ed006880e7cb,05-09-2021 11:05,05-09-2021 11:33,09-09-2021 05:09,05-09-2021 11:33,Version 4,,0,,,Pranathi Sai Prathyusha Mudiveti,612ef7a544c8ed006880e7cb,,,,,,,,,P1-94,,,,,,,,,,,,,,{},,P1-2,,,,,0|i0005p:,,P1 Sprint 4,,,,,,,,Done
"As a admin, admin has able to edit the details if required",P1-88,10113,Task,Done,P1,Project 1,software,Pranathi Sai Prathyusha Mudiveti,612ef7a544c8ed006880e7cb,,Medium,Done,Pranathi Sai Prathyusha Mudiveti,612ef7a544c8ed006880e7cb,Pranathi Sai Prathyusha Mudiveti,612ef7a544c8ed006880e7cb,Pranathi Sai Prathyusha Mudiveti,612ef7a544c8ed006880e7cb,05-09-2021 11:03,06-09-2021 05:39,09-09-2021 05:09,06-09-2021 05:39,Version 7,,0,,,Pranathi Sai Prathyusha Mudiveti,612ef7a544c8ed006880e7cb,,,,,,,,,P1-93,,,,,,,,,,,,,,{},,P1-2,,,,,0|i0005i:zzi,,P1 Sprint 7,,,,,,,,Done
"As a admin, admin has able to install the action to edit by clicking the button",P1-87,10112,Task,Done,P1,Project 1,software,Pranathi Sai Prathyusha Mudiveti,612ef7a544c8ed006880e7cb,,Medium,Done,Pranathi Sai Prathyusha Mudiveti,612ef7a544c8ed006880e7cb,Pranathi Sai Prathyusha Mudiveti,612ef7a544c8ed006880e7cb,Pranathi Sai Prathyusha Mudiveti,612ef7a544c8ed006880e7cb,05-09-2021 11:03,06-09-2021 05:39,09-09-2021 05:09,06-09-2021 05:39,Version 7,,0,,,Pranathi Sai Prathyusha Mudiveti,612ef7a544c8ed006880e7cb,,,,,,,,,P1-92,,,,,,,,,,,,,,{},,P1-2,,,,,0|i0005i:zzd,,P1 Sprint 7,,,,,,,,Done
"As a admin, admin can sort the order",P1-86,10111,Task,Done,P1,Project 1,software,Pranathi Sai Prathyusha Mudiveti,612ef7a544c8ed006880e7cb,,Medium,Done,Pranathi Sai Prathyusha Mudiveti,612ef7a544c8ed006880e7cb,Pranathi Sai Prathyusha Mudiveti,612ef7a544c8ed006880e7cb,Pranathi Sai Prathyusha Mudiveti,612ef7a544c8ed006880e7cb,05-09-2021 11:01,05-09-2021 12:01,09-09-2021 05:09,05-09-2021 12:00,Version 6,,0,,,Pranathi Sai Prathyusha Mudiveti,612ef7a544c8ed006880e7cb,,,,,,,,,P1-91,,,,,,,,,,,,,,{},,P1-2,,,,,0|i00063:,,P1 Sprint 6,,,,,,,,Done
"As a admin, admin has to give the enable and disable access to the users",P1-85,10110,Task,Done,P1,Project 1,software,Pranathi Sai Prathyusha Mudiveti,612ef7a544c8ed006880e7cb,,Medium,Done,Pranathi Sai Prathyusha Mudiveti,612ef7a544c8ed006880e7cb,Pranathi Sai Prathyusha Mudiveti,612ef7a544c8ed006880e7cb,Pranathi Sai Prathyusha Mudiveti,612ef7a544c8ed006880e7cb,05-09-2021 11:01,05-09-2021 11:48,09-09-2021 05:09,05-09-2021 11:43,Version 5,,0,,,Pranathi Sai Prathyusha Mudiveti,612ef7a544c8ed006880e7cb,,,,,,,,,P1-90,,,,,,,,,,,,,,{},,P1-2,,,,,0|i0005v:,,P1 Sprint 5,,,,,,,,Done
"As a admin, admin has to give access to users with many payment methods",P1-84,10109,Task,Done,P1,Project 1,software,Pranathi Sai Prathyusha Mudiveti,612ef7a544c8ed006880e7cb,,Medium,Done,Pranathi Sai Prathyusha Mudiveti,612ef7a544c8ed006880e7cb,Pranathi Sai Prathyusha Mudiveti,612ef7a544c8ed006880e7cb,Pranathi Sai Prathyusha Mudiveti,612ef7a544c8ed006880e7cb,05-09-2021 10:59,05-09-2021 11:33,09-09-2021 05:09,05-09-2021 11:33,Version 4,,0,,,Pranathi Sai Prathyusha Mudiveti,612ef7a544c8ed006880e7cb,,,,,,,,,P1-89,,,,,,,,,,,,,,{},,P1-2,,,,,0|i0005n:,,P1 Sprint 4,,,,,,,,Done
Validate that name should be entered with the salutation ,P1-83,10108,Bug,Done,P1,Project 1,software,Pranathi Sai Prathyusha Mudiveti,612ef7a544c8ed006880e7cb,,Medium,Done,Pranathi Sai Prathyusha Mudiveti,612ef7a544c8ed006880e7cb,Pranathi Sai Prathyusha Mudiveti,612ef7a544c8ed006880e7cb,Pranathi Sai Prathyusha Mudiveti,612ef7a544c8ed006880e7cb,05-09-2021 06:32,09-09-2021 05:05,09-09-2021 05:05,05-09-2021 06:34,Version 3,,0,,,Pranathi Sai Prathyusha Mudiveti,612ef7a544c8ed006880e7cb,,,,,,,,,P1-47,,,,,,,,,,,,,,{},,P1-1,,,,,0|i000gv:,,P1 Sprint 3,,,,,,,,Done
Validate that salutation should match with the name,P1-82,10107,Bug,Done,P1,Project 1,software,Pranathi Sai Prathyusha Mudiveti,612ef7a544c8ed006880e7cb,,Medium,Done,Pranathi Sai Prathyusha Mudiveti,612ef7a544c8ed006880e7cb,Pranathi Sai Prathyusha Mudiveti,612ef7a544c8ed006880e7cb,Pranathi Sai Prathyusha Mudiveti,612ef7a544c8ed006880e7cb,05-09-2021 06:30,09-09-2021 05:05,09-09-2021 05:05,05-09-2021 06:34,Version 3,,0,,,Pranathi Sai Prathyusha Mudiveti,612ef7a544c8ed006880e7cb,,,,,,,,,P1-46,,,,,,,,,,,,,,{},,P1-1,,,,,0|i000gn:,,P1 Sprint 3,,,,,,,,Done
Validate Middle Name should not be numeric values,P1-81,10106,Bug,Done,P1,Project 1,software,Pranathi Sai Prathyusha Mudiveti,612ef7a544c8ed006880e7cb,,Medium,Done,Pranathi Sai Prathyusha Mudiveti,612ef7a544c8ed006880e7cb,Pranathi Sai Prathyusha Mudiveti,612ef7a544c8ed006880e7cb,Pranathi Sai Prathyusha Mudiveti,612ef7a544c8ed006880e7cb,05-09-2021 06:28,05-09-2021 06:36,09-09-2021 05:09,05-09-2021 06:35,Version 3,,0,,,Pranathi Sai Prathyusha Mudiveti,612ef7a544c8ed006880e7cb,,,,,,,,,P1-49,,,,,,,,,,,,,,{},,P1-1,,,,,0|i000gf:,,P1 Sprint 3,,,,,,,,Done
Validate that Middle name should contain only characters,P1-80,10105,Bug,Done,P1,Project 1,software,Pranathi Sai Prathyusha Mudiveti,612ef7a544c8ed006880e7cb,,Medium,Done,Pranathi Sai Prathyusha Mudiveti,612ef7a544c8ed006880e7cb,Pranathi Sai Prathyusha Mudiveti,612ef7a544c8ed006880e7cb,Pranathi Sai Prathyusha Mudiveti,612ef7a544c8ed006880e7cb,05-09-2021 06:24,05-09-2021 06:36,09-09-2021 05:09,05-09-2021 06:34,Version 3,,0,,,Pranathi Sai Prathyusha Mudiveti,612ef7a544c8ed006880e7cb,,,,,,,,,P1-49,,,,,,,,,,,,,,{},,P1-1,,,,,0|i000g7:,,P1 Sprint 3,,,,,,,,Done
Validate that last name should not be empty,P1-79,10104,Bug,Done,P1,Project 1,software,Pranathi Sai Prathyusha Mudiveti,612ef7a544c8ed006880e7cb,,Medium,Done,Pranathi Sai Prathyusha Mudiveti,612ef7a544c8ed006880e7cb,Pranathi Sai Prathyusha Mudiveti,612ef7a544c8ed006880e7cb,Pranathi Sai Prathyusha Mudiveti,612ef7a544c8ed006880e7cb,05-09-2021 06:22,05-09-2021 06:36,09-09-2021 05:09,05-09-2021 06:34,Version 3,,0,,,Pranathi Sai Prathyusha Mudiveti,612ef7a544c8ed006880e7cb,,,,,,,,,P1-50,,,,,,,,,,,,,,{},,P1-1,,,,,0|i000fz:,,P1 Sprint 3,,,,,,,,Done
Validate Last Name should not contain numbers,P1-78,10103,Bug,Done,P1,Project 1,software,Pranathi Sai Prathyusha Mudiveti,612ef7a544c8ed006880e7cb,,Medium,Done,Pranathi Sai Prathyusha Mudiveti,612ef7a544c8ed006880e7cb,Pranathi Sai Prathyusha Mudiveti,612ef7a544c8ed006880e7cb,Pranathi Sai Prathyusha Mudiveti,612ef7a544c8ed006880e7cb,05-09-2021 06:21,05-09-2021 06:36,09-09-2021 05:09,05-09-2021 06:34,Version 3,,0,,,Pranathi Sai Prathyusha Mudiveti,612ef7a544c8ed006880e7cb,,,,,,,,,P1-50,,,,,,,,,,,,,,{},,P1-1,,,,,0|i000fr:,,P1 Sprint 3,,,,,,,,Done
Validate Last Name should not contain any numeric value,P1-77,10102,Bug,Done,P1,Project 1,software,Pranathi Sai Prathyusha Mudiveti,612ef7a544c8ed006880e7cb,,Medium,Done,Pranathi Sai Prathyusha Mudiveti,612ef7a544c8ed006880e7cb,Pranathi Sai Prathyusha Mudiveti,612ef7a544c8ed006880e7cb,Pranathi Sai Prathyusha Mudiveti,612ef7a544c8ed006880e7cb,05-09-2021 06:20,05-09-2021 06:36,09-09-2021 05:09,05-09-2021 06:35,Version 3,,0,,,Pranathi Sai Prathyusha Mudiveti,612ef7a544c8ed006880e7cb,,,,,,,,,P1-50,,,,,,,,,,,,,,{},,P1-1,,,,,0|i000fj:,,P1 Sprint 3,,,,,,,,Done
Validate that first name should not be null,P1-76,10101,Bug,Done,P1,Project 1,software,Pranathi Sai Prathyusha Mudiveti,612ef7a544c8ed006880e7cb,,Medium,Done,Pranathi Sai Prathyusha Mudiveti,612ef7a544c8ed006880e7cb,Pranathi Sai Prathyusha Mudiveti,612ef7a544c8ed006880e7cb,Pranathi Sai Prathyusha Mudiveti,612ef7a544c8ed006880e7cb,05-09-2021 06:17,05-09-2021 06:36,09-09-2021 05:09,05-09-2021 06:34,Version 3,,0,,,Pranathi Sai Prathyusha Mudiveti,612ef7a544c8ed006880e7cb,,,,,,,,,P1-48,,,,,,,,,,,,,,{},,P1-1,,,,,0|i000fb:,,P1 Sprint 3,,,,,,,,Done
Validate that first name should not contain any numbers,P1-75,10100,Bug,Done,P1,Project 1,software,Pranathi Sai Prathyusha Mudiveti,612ef7a544c8ed006880e7cb,,Medium,Done,Pranathi Sai Prathyusha Mudiveti,612ef7a544c8ed006880e7cb,Pranathi Sai Prathyusha Mudiveti,612ef7a544c8ed006880e7cb,Pranathi Sai Prathyusha Mudiveti,612ef7a544c8ed006880e7cb,05-09-2021 06:16,05-09-2021 06:36,09-09-2021 05:09,05-09-2021 06:35,Version 3,,0,,,Pranathi Sai Prathyusha Mudiveti,612ef7a544c8ed006880e7cb,,,,,,,,,P1-48,,,,,,,,,,,,,,{},,P1-1,,,,,0|i000f3:,,P1 Sprint 3,,,,,,,,Done
Validate that First name should not be alphanumeric type,P1-74,10099,Bug,Done,P1,Project 1,software,Pranathi Sai Prathyusha Mudiveti,612ef7a544c8ed006880e7cb,,Medium,Done,Pranathi Sai Prathyusha Mudiveti,612ef7a544c8ed006880e7cb,Pranathi Sai Prathyusha Mudiveti,612ef7a544c8ed006880e7cb,Pranathi Sai Prathyusha Mudiveti,612ef7a544c8ed006880e7cb,05-09-2021 06:15,05-09-2021 06:36,09-09-2021 05:09,05-09-2021 06:34,Version 3,,0,,,Pranathi Sai Prathyusha Mudiveti,612ef7a544c8ed006880e7cb,,,,,,,,,P1-48,,,,,,,,,,,,,,{},,P1-1,,,,,0|i000ev:,,P1 Sprint 3,,,,,,,,Done
Validate that selected type should be visible in the selection type,P1-73,10098,Bug,Done,P1,Project 1,software,Pranathi Sai Prathyusha Mudiveti,612ef7a544c8ed006880e7cb,,Medium,Done,Pranathi Sai Prathyusha Mudiveti,612ef7a544c8ed006880e7cb,Pranathi Sai Prathyusha Mudiveti,612ef7a544c8ed006880e7cb,Pranathi Sai Prathyusha Mudiveti,612ef7a544c8ed006880e7cb,04-09-2021 16:04,04-09-2021 16:21,09-09-2021 05:09,04-09-2021 16:14,Version 2,,0,,,Pranathi Sai Prathyusha Mudiveti,612ef7a544c8ed006880e7cb,,,,,,,,,P1-34,,,,,,,,,,,,,,{},,P1-1,,,,,0|i000en:,,P1 Sprint 2,,,,,,,,Done
Validate that auction item number should not be null ,P1-72,10097,Bug,Done,P1,Project 1,software,Pranathi Sai Prathyusha Mudiveti,612ef7a544c8ed006880e7cb,,Medium,Done,Pranathi Sai Prathyusha Mudiveti,612ef7a544c8ed006880e7cb,Pranathi Sai Prathyusha Mudiveti,612ef7a544c8ed006880e7cb,Pranathi Sai Prathyusha Mudiveti,612ef7a544c8ed006880e7cb,04-09-2021 16:00,04-09-2021 16:21,09-09-2021 05:09,04-09-2021 16:15,Version 2,,0,,,Pranathi Sai Prathyusha Mudiveti,612ef7a544c8ed006880e7cb,,,,,,,,,P1-39,,,,,,,,,,,,,,{},,P1-1,,,,,0|i000ef:,,P1 Sprint 2,,,,,,,,Done
Validate Auction item number should have atleast one numeric value,P1-71,10096,Bug,Done,P1,Project 1,software,Pranathi Sai Prathyusha Mudiveti,612ef7a544c8ed006880e7cb,,Medium,Done,Pranathi Sai Prathyusha Mudiveti,612ef7a544c8ed006880e7cb,Pranathi Sai Prathyusha Mudiveti,612ef7a544c8ed006880e7cb,Pranathi Sai Prathyusha Mudiveti,612ef7a544c8ed006880e7cb,04-09-2021 16:00,04-09-2021 16:21,09-09-2021 05:09,04-09-2021 16:16,Version 2,,0,,,Pranathi Sai Prathyusha Mudiveti,612ef7a544c8ed006880e7cb,,,,,,,,,P1-39,,,,,,,,,,,,,,{},,P1-1,,,,,0|i000e7:,,P1 Sprint 2,,,,,,,,Done
Validate that transaction id should not be null,P1-70,10095,Bug,Done,P1,Project 1,software,Pranathi Sai Prathyusha Mudiveti,612ef7a544c8ed006880e7cb,,Medium,Done,Pranathi Sai Prathyusha Mudiveti,612ef7a544c8ed006880e7cb,Pranathi Sai Prathyusha Mudiveti,612ef7a544c8ed006880e7cb,Pranathi Sai Prathyusha Mudiveti,612ef7a544c8ed006880e7cb,04-09-2021 15:56,04-09-2021 16:21,09-09-2021 05:09,04-09-2021 16:17,Version 2,,0,,,Pranathi Sai Prathyusha Mudiveti,612ef7a544c8ed006880e7cb,,,,,,,,,P1-37,,,,,,,,,,,,,,{},,P1-1,,,,,0|i000dz:,,P1 Sprint 2,,,,,,,,Done
Validate that transaction id should have atleast one numeric value,P1-69,10094,Bug,Done,P1,Project 1,software,Pranathi Sai Prathyusha Mudiveti,612ef7a544c8ed006880e7cb,,Medium,Done,Pranathi Sai Prathyusha Mudiveti,612ef7a544c8ed006880e7cb,Pranathi Sai Prathyusha Mudiveti,612ef7a544c8ed006880e7cb,Pranathi Sai Prathyusha Mudiveti,612ef7a544c8ed006880e7cb,04-09-2021 15:55,04-09-2021 16:21,09-09-2021 05:09,04-09-2021 16:17,Version 2,,0,,,Pranathi Sai Prathyusha Mudiveti,612ef7a544c8ed006880e7cb,,,,,,,,,P1-37,,,,,,,,,,,,,,{},,P1-1,,,,,0|i000dr:,,P1 Sprint 2,,,,,,,,Done
Validate that type pf transaction should not be null,P1-68,10093,Bug,Done,P1,Project 1,software,Pranathi Sai Prathyusha Mudiveti,612ef7a544c8ed006880e7cb,,Medium,Done,Pranathi Sai Prathyusha Mudiveti,612ef7a544c8ed006880e7cb,Pranathi Sai Prathyusha Mudiveti,612ef7a544c8ed006880e7cb,Pranathi Sai Prathyusha Mudiveti,612ef7a544c8ed006880e7cb,04-09-2021 15:52,04-09-2021 16:18,09-09-2021 05:09,04-09-2021 16:17,Version 2,,0,,,Pranathi Sai Prathyusha Mudiveti,612ef7a544c8ed006880e7cb,,,,,,,,,P1-32,,,,,,,,,,,,,,{},,P1-1,,,,,0|i000dj:,,P1 Sprint 2,,,,,,,,Done
Validate that currencies should be international currencies,P1-67,10092,Bug,Done,P1,Project 1,software,Pranathi Sai Prathyusha Mudiveti,612ef7a544c8ed006880e7cb,,Medium,Done,Pranathi Sai Prathyusha Mudiveti,612ef7a544c8ed006880e7cb,Pranathi Sai Prathyusha Mudiveti,612ef7a544c8ed006880e7cb,Pranathi Sai Prathyusha Mudiveti,612ef7a544c8ed006880e7cb,04-09-2021 15:48,04-09-2021 16:19,09-09-2021 05:09,04-09-2021 16:17,Version 2,,0,,,Pranathi Sai Prathyusha Mudiveti,612ef7a544c8ed006880e7cb,,,,,,,,,P1-41,,,,,,,,,,,,,,{},,P1-1,,,,,0|i000db:,,P1 Sprint 2,,,,,,,,Done
Validate that amount should not be empty,P1-66,10091,Bug,Done,P1,Project 1,software,Pranathi Sai Prathyusha Mudiveti,612ef7a544c8ed006880e7cb,,Medium,Done,Pranathi Sai Prathyusha Mudiveti,612ef7a544c8ed006880e7cb,Pranathi Sai Prathyusha Mudiveti,612ef7a544c8ed006880e7cb,Pranathi Sai Prathyusha Mudiveti,612ef7a544c8ed006880e7cb,04-09-2021 15:39,04-09-2021 16:21,09-09-2021 05:09,04-09-2021 16:17,Version 2,,0,,,Pranathi Sai Prathyusha Mudiveti,612ef7a544c8ed006880e7cb,,,,,,,,,P1-40,,,,,,,,,,,,,,{},,P1-1,,,,,0|i000d3:,,P1 Sprint 2,,,,,,,,Done
Validate that amount should only be numeric,P1-65,10090,Bug,Done,P1,Project 1,software,Pranathi Sai Prathyusha Mudiveti,612ef7a544c8ed006880e7cb,,Medium,Done,Pranathi Sai Prathyusha Mudiveti,612ef7a544c8ed006880e7cb,Pranathi Sai Prathyusha Mudiveti,612ef7a544c8ed006880e7cb,Pranathi Sai Prathyusha Mudiveti,612ef7a544c8ed006880e7cb,04-09-2021 15:37,04-09-2021 16:21,09-09-2021 05:09,04-09-2021 16:17,Version 2,,0,,,Pranathi Sai Prathyusha Mudiveti,612ef7a544c8ed006880e7cb,,,,,,,,,P1-40,,,,,,,,,,,,,,{},,P1-1,,,,,0|i000cv:,,P1 Sprint 2,,,,,,,,Done
Validate that Recurring Profile id should not be null,P1-64,10089,Bug,Done,P1,Project 1,software,Pranathi Sai Prathyusha Mudiveti,612ef7a544c8ed006880e7cb,,Medium,Done,Pranathi Sai Prathyusha Mudiveti,612ef7a544c8ed006880e7cb,Pranathi Sai Prathyusha Mudiveti,612ef7a544c8ed006880e7cb,Pranathi Sai Prathyusha Mudiveti,612ef7a544c8ed006880e7cb,04-09-2021 15:31,04-09-2021 16:19,09-09-2021 05:09,04-09-2021 16:17,Version 2,,0,,,Pranathi Sai Prathyusha Mudiveti,612ef7a544c8ed006880e7cb,,,,,,,,,P1-44,,,,,,,,,,,,,,{},,P1-1,,,,,0|i000cn:,,P1 Sprint 2,,,,,,,,Done
Validate the Recurring Profile id should have at least one numeric value,P1-63,10088,Bug,Done,P1,Project 1,software,Pranathi Sai Prathyusha Mudiveti,612ef7a544c8ed006880e7cb,,Medium,Done,Pranathi Sai Prathyusha Mudiveti,612ef7a544c8ed006880e7cb,Pranathi Sai Prathyusha Mudiveti,612ef7a544c8ed006880e7cb,Pranathi Sai Prathyusha Mudiveti,612ef7a544c8ed006880e7cb,04-09-2021 15:30,04-09-2021 16:20,09-09-2021 05:09,04-09-2021 16:17,Version 2,,0,,,Pranathi Sai Prathyusha Mudiveti,612ef7a544c8ed006880e7cb,,,,,,,,,P1-44,,,,,,,,,,,,,,{},,P1-1,,,,,0|i000cf:,,P1 Sprint 2,,,,,,,,Done
Validate that invoice number should not be empty,P1-62,10087,Bug,Done,P1,Project 1,software,Pranathi Sai Prathyusha Mudiveti,612ef7a544c8ed006880e7cb,,Medium,Done,Pranathi Sai Prathyusha Mudiveti,612ef7a544c8ed006880e7cb,Pranathi Sai Prathyusha Mudiveti,612ef7a544c8ed006880e7cb,Pranathi Sai Prathyusha Mudiveti,612ef7a544c8ed006880e7cb,04-09-2021 15:25,04-09-2021 16:20,09-09-2021 05:09,04-09-2021 16:17,Version 2,,0,,,Pranathi Sai Prathyusha Mudiveti,612ef7a544c8ed006880e7cb,,,,,,,,,P1-38,,,,,,,,,,,,,,{},,P1-1,,,,,0|i000c7:,,P1 Sprint 2,,,,,,,,Done
Validate the Invoice number should at least have one numeric value,P1-61,10086,Bug,Done,P1,Project 1,software,Pranathi Sai Prathyusha Mudiveti,612ef7a544c8ed006880e7cb,,Medium,Done,Pranathi Sai Prathyusha Mudiveti,612ef7a544c8ed006880e7cb,Pranathi Sai Prathyusha Mudiveti,612ef7a544c8ed006880e7cb,Pranathi Sai Prathyusha Mudiveti,612ef7a544c8ed006880e7cb,04-09-2021 15:24,04-09-2021 16:20,09-09-2021 05:09,04-09-2021 16:17,Version 2,,0,,,Pranathi Sai Prathyusha Mudiveti,612ef7a544c8ed006880e7cb,,,,,,,,,P1-38,,,,,,,,,,,,,,{},,P1-1,,,,,0|i000bz:,,P1 Sprint 2,,,,,,,,Done
Validate receipt id should not be null,P1-60,10085,Bug,Done,P1,Project 1,software,Pranathi Sai Prathyusha Mudiveti,612ef7a544c8ed006880e7cb,,Medium,Done,Pranathi Sai Prathyusha Mudiveti,612ef7a544c8ed006880e7cb,Pranathi Sai Prathyusha Mudiveti,612ef7a544c8ed006880e7cb,Pranathi Sai Prathyusha Mudiveti,612ef7a544c8ed006880e7cb,04-09-2021 15:21,04-09-2021 16:21,09-09-2021 05:09,04-09-2021 16:15,Version 2,,0,,,Pranathi Sai Prathyusha Mudiveti,612ef7a544c8ed006880e7cb,,,,,,,,,P1-36,,,,,,,,,,,,,,{},,P1-1,,,,,0|i000br:,,P1 Sprint 2,,,,,,,,Done
Validate Receipt id with at least one numeric value,P1-59,10084,Bug,Done,P1,Project 1,software,Pranathi Sai Prathyusha Mudiveti,612ef7a544c8ed006880e7cb,,Medium,Done,Pranathi Sai Prathyusha Mudiveti,612ef7a544c8ed006880e7cb,Pranathi Sai Prathyusha Mudiveti,612ef7a544c8ed006880e7cb,Pranathi Sai Prathyusha Mudiveti,612ef7a544c8ed006880e7cb,04-09-2021 15:19,04-09-2021 16:21,09-09-2021 05:09,04-09-2021 16:14,Version 2,,0,,,Pranathi Sai Prathyusha Mudiveti,612ef7a544c8ed006880e7cb,,,,,,,,,P1-36,,,,,,,,,,,,,,{},,P1-1,,,,,0|i000bj:,,P1 Sprint 2,,,,,,,,Done
Validate mail id with missing notation@,P1-58,10083,Bug,Done,P1,Project 1,software,Pranathi Sai Prathyusha Mudiveti,612ef7a544c8ed006880e7cb,,Medium,Done,Pranathi Sai Prathyusha Mudiveti,612ef7a544c8ed006880e7cb,Pranathi Sai Prathyusha Mudiveti,612ef7a544c8ed006880e7cb,Pranathi Sai Prathyusha Mudiveti,612ef7a544c8ed006880e7cb,04-09-2021 15:17,04-09-2021 16:21,09-09-2021 05:09,04-09-2021 16:13,Version 2,,0,,,Pranathi Sai Prathyusha Mudiveti,612ef7a544c8ed006880e7cb,,,,,,,,,P1-35,,,,,,,,,,,,,,{},,P1-1,,,,,0|i000bb:,,P1 Sprint 2,,,,,,,,Done
Validate with proper mail id,P1-57,10082,Bug,Done,P1,Project 1,software,Pranathi Sai Prathyusha Mudiveti,612ef7a544c8ed006880e7cb,,Medium,Done,Pranathi Sai Prathyusha Mudiveti,612ef7a544c8ed006880e7cb,Pranathi Sai Prathyusha Mudiveti,612ef7a544c8ed006880e7cb,Pranathi Sai Prathyusha Mudiveti,612ef7a544c8ed006880e7cb,04-09-2021 15:16,04-09-2021 16:21,09-09-2021 05:09,04-09-2021 16:13,Version 2,,0,,,Pranathi Sai Prathyusha Mudiveti,612ef7a544c8ed006880e7cb,,,,,,,,,P1-35,,,,,,,,,,,,,,{},,P1-1,,,,,0|i0005a:zzzv,,P1 Sprint 2,,,,,,,,Done
"Validate that date is correct, without date cannot able to search with the empty date column",P1-56,10081,Bug,Done,P1,Project 1,software,Pranathi Sai Prathyusha Mudiveti,612ef7a544c8ed006880e7cb,,Medium,Done,Pranathi Sai Prathyusha Mudiveti,612ef7a544c8ed006880e7cb,Pranathi Sai Prathyusha Mudiveti,612ef7a544c8ed006880e7cb,Pranathi Sai Prathyusha Mudiveti,612ef7a544c8ed006880e7cb,02-09-2021 08:52,02-09-2021 09:30,09-09-2021 05:09,02-09-2021 09:29,Version1,,0,,,Pranathi Sai Prathyusha Mudiveti,612ef7a544c8ed006880e7cb,,,,,,,,,P1-29,,,,,,,,,,,,,,{},,P1-1,,,,,0|i000av:,,,,,,,,,,Done
Validate the date format as yy - mm - dd,P1-55,10080,Bug,Done,P1,Project 1,software,Pranathi Sai Prathyusha Mudiveti,612ef7a544c8ed006880e7cb,,Medium,Done,Pranathi Sai Prathyusha Mudiveti,612ef7a544c8ed006880e7cb,Pranathi Sai Prathyusha Mudiveti,612ef7a544c8ed006880e7cb,Pranathi Sai Prathyusha Mudiveti,612ef7a544c8ed006880e7cb,02-09-2021 08:51,02-09-2021 09:30,09-09-2021 05:09,02-09-2021 09:29,Version1,,0,,,Pranathi Sai Prathyusha Mudiveti,612ef7a544c8ed006880e7cb,,,,,,,,,P1-29,,,,,,,,,,,,,,{},,P1-1,,,,,0|i000an:,,,,,,,,,,Done
"Validate the date to search with the date, Empty field will not be allowed if searching with date",P1-54,10079,Bug,Done,P1,Project 1,software,Pranathi Sai Prathyusha Mudiveti,612ef7a544c8ed006880e7cb,,Medium,Done,Pranathi Sai Prathyusha Mudiveti,612ef7a544c8ed006880e7cb,Pranathi Sai Prathyusha Mudiveti,612ef7a544c8ed006880e7cb,Pranathi Sai Prathyusha Mudiveti,612ef7a544c8ed006880e7cb,02-09-2021 08:48,02-09-2021 09:31,09-09-2021 05:09,02-09-2021 09:29,Version1,,0,,,Pranathi Sai Prathyusha Mudiveti,612ef7a544c8ed006880e7cb,7200,7200,,0%,7200,7200,,,P1-27,,,,,,,,,,,,,,{},,P1-1,,,,,0|i000ar:,,,,,,,,,,Done
Validate access with login credentials ,P1-53,10078,Bug,Done,P1,Project 1,software,Pranathi Sai Prathyusha Mudiveti,612ef7a544c8ed006880e7cb,,Medium,Done,Pranathi Sai Prathyusha Mudiveti,612ef7a544c8ed006880e7cb,Pranathi Sai Prathyusha Mudiveti,612ef7a544c8ed006880e7cb,Pranathi Sai Prathyusha Mudiveti,612ef7a544c8ed006880e7cb,02-09-2021 08:44,02-09-2021 09:23,09-09-2021 05:09,02-09-2021 09:08,Version1,,0,,,Pranathi Sai Prathyusha Mudiveti,612ef7a544c8ed006880e7cb,7200,7200,,0%,7200,7200,,,P1-28,,,,,,,,,,,,,,{},,P1-1,,,,,0|i000a7:,,,,,,,,,,Done
Validate the date format as yy - mm - dd,P1-52,10077,Bug,Done,P1,Project 1,software,Pranathi Sai Prathyusha Mudiveti,612ef7a544c8ed006880e7cb,,Medium,Done,Pranathi Sai Prathyusha Mudiveti,612ef7a544c8ed006880e7cb,Pranathi Sai Prathyusha Mudiveti,612ef7a544c8ed006880e7cb,Pranathi Sai Prathyusha Mudiveti,612ef7a544c8ed006880e7cb,02-09-2021 08:41,02-09-2021 13:37,09-09-2021 05:09,02-09-2021 09:07,Version1,,0,,,Pranathi Sai Prathyusha Mudiveti,612ef7a544c8ed006880e7cb,7200,7200,,0%,7200,7200,,,P1-26,,,,,,,,,,,,,,{},,P1-1,,,,,0|i0009z:,,,,,,,,,,Done
Verify the Suffix,P1-51,10076,Test,Done,P1,Project 1,software,Pranathi Sai Prathyusha Mudiveti,612ef7a544c8ed006880e7cb,,Medium,Done,Pranathi Sai Prathyusha Mudiveti,612ef7a544c8ed006880e7cb,Pranathi Sai Prathyusha Mudiveti,612ef7a544c8ed006880e7cb,Pranathi Sai Prathyusha Mudiveti,612ef7a544c8ed006880e7cb,02-09-2021 07:26,05-09-2021 06:35,09-09-2021 05:09,05-09-2021 06:35,,,0,,,Pranathi Sai Prathyusha Mudiveti,612ef7a544c8ed006880e7cb,,,,,,,,,,,,,,,,,,,,,,,{},,P1-1,,,,,0|i0005i:zr,,P1 Sprint 3,,,,,,,,Done
Verify the Last Name ,P1-50,10075,Test,Done,P1,Project 1,software,Pranathi Sai Prathyusha Mudiveti,612ef7a544c8ed006880e7cb,,Medium,Done,Pranathi Sai Prathyusha Mudiveti,612ef7a544c8ed006880e7cb,Pranathi Sai Prathyusha Mudiveti,612ef7a544c8ed006880e7cb,Pranathi Sai Prathyusha Mudiveti,612ef7a544c8ed006880e7cb,02-09-2021 07:25,05-09-2021 06:34,09-09-2021 05:09,05-09-2021 06:34,,,0,,,Pranathi Sai Prathyusha Mudiveti,612ef7a544c8ed006880e7cb,,,,,,,,,P1-77,P1-78,P1-79,,,,,,,,,,,,{},,P1-1,,,,,0|i0005i:zi,,P1 Sprint 3,,,,,,,,Done
Verify the Middle Name ,P1-49,10074,Test,Done,P1,Project 1,software,Pranathi Sai Prathyusha Mudiveti,612ef7a544c8ed006880e7cb,,Medium,Done,Pranathi Sai Prathyusha Mudiveti,612ef7a544c8ed006880e7cb,Pranathi Sai Prathyusha Mudiveti,612ef7a544c8ed006880e7cb,Pranathi Sai Prathyusha Mudiveti,612ef7a544c8ed006880e7cb,02-09-2021 07:24,05-09-2021 06:34,09-09-2021 05:09,05-09-2021 06:34,,,0,,,Pranathi Sai Prathyusha Mudiveti,612ef7a544c8ed006880e7cb,,,,,,,,,P1-80,P1-81,,,,,,,,,,,,,{},,P1-1,,,,,0|i0005i:z,,P1 Sprint 3,,,,,,,,Done
Verify the First Name ,P1-48,10073,Test,Done,P1,Project 1,software,Pranathi Sai Prathyusha Mudiveti,612ef7a544c8ed006880e7cb,,Medium,Done,Pranathi Sai Prathyusha Mudiveti,612ef7a544c8ed006880e7cb,Pranathi Sai Prathyusha Mudiveti,612ef7a544c8ed006880e7cb,Pranathi Sai Prathyusha Mudiveti,612ef7a544c8ed006880e7cb,02-09-2021 07:24,05-09-2021 06:34,09-09-2021 05:09,05-09-2021 06:34,Version 3,,0,,,Pranathi Sai Prathyusha Mudiveti,612ef7a544c8ed006880e7cb,,,,,,,,,P1-74,P1-75,P1-76,,,,,,,,,,,,{},,P1-1,,,,,0|i0005i:y,,P1 Sprint 3,,,,,,,,Done
Verify the Name with Salutation,P1-47,10072,Test,Done,P1,Project 1,software,Pranathi Sai Prathyusha Mudiveti,612ef7a544c8ed006880e7cb,,Medium,Done,Pranathi Sai Prathyusha Mudiveti,612ef7a544c8ed006880e7cb,Pranathi Sai Prathyusha Mudiveti,612ef7a544c8ed006880e7cb,Pranathi Sai Prathyusha Mudiveti,612ef7a544c8ed006880e7cb,02-09-2021 07:23,05-09-2021 06:35,09-09-2021 05:09,05-09-2021 06:35,Version 3,,0,,,Pranathi Sai Prathyusha Mudiveti,612ef7a544c8ed006880e7cb,,,,,,,,,P1-83,,,,,,,,,,,,,,{},,P1-1,,,,,0|i0005i:x,,P1 Sprint 3,,,,,,,,Done
Verify the Salutations with the Name,P1-46,10071,Test,Done,P1,Project 1,software,Pranathi Sai Prathyusha Mudiveti,612ef7a544c8ed006880e7cb,,Medium,Done,Pranathi Sai Prathyusha Mudiveti,612ef7a544c8ed006880e7cb,Pranathi Sai Prathyusha Mudiveti,612ef7a544c8ed006880e7cb,Pranathi Sai Prathyusha Mudiveti,612ef7a544c8ed006880e7cb,02-09-2021 07:23,05-09-2021 06:35,09-09-2021 05:09,05-09-2021 06:35,Version 3,,0,,,Pranathi Sai Prathyusha Mudiveti,612ef7a544c8ed006880e7cb,,,,,,,,,P1-82,,,,,,,,,,,,,,{},,P1-1,,,,,0|i0005i:v,,P1 Sprint 3,,,,,,,,Done
Verify the active status of the Profile,P1-45,10070,Test,Done,P1,Project 1,software,Pranathi Sai Prathyusha Mudiveti,612ef7a544c8ed006880e7cb,,Medium,Done,Pranathi Sai Prathyusha Mudiveti,612ef7a544c8ed006880e7cb,Pranathi Sai Prathyusha Mudiveti,612ef7a544c8ed006880e7cb,Pranathi Sai Prathyusha Mudiveti,612ef7a544c8ed006880e7cb,02-09-2021 07:22,04-09-2021 16:10,09-09-2021 05:09,04-09-2021 16:10,Version 2,,0,,,Pranathi Sai Prathyusha Mudiveti,612ef7a544c8ed006880e7cb,,,,,,,,,,,,,,,,,,,,,,,{},,P1-1,,,,,0|i0005a:zzzr,,P1 Sprint 2,,,,,,,,Done
Verify the profile is available or not,P1-44,10069,Test,Done,P1,Project 1,software,Pranathi Sai Prathyusha Mudiveti,612ef7a544c8ed006880e7cb,,Medium,Done,Pranathi Sai Prathyusha Mudiveti,612ef7a544c8ed006880e7cb,Pranathi Sai Prathyusha Mudiveti,612ef7a544c8ed006880e7cb,Pranathi Sai Prathyusha Mudiveti,612ef7a544c8ed006880e7cb,02-09-2021 07:22,04-09-2021 16:10,09-09-2021 05:09,04-09-2021 16:10,Version 2,,0,,,Pranathi Sai Prathyusha Mudiveti,612ef7a544c8ed006880e7cb,,,,,,,,,P1-63,P1-64,P1-67,,,,,,,,,,,,{},,P1-1,,,,,0|i0005a:zzzi,,P1 Sprint 2,,,,,,,,Done
Verify the Admin selected is shown on the field,P1-43,10068,Test,Done,P1,Project 1,software,Pranathi Sai Prathyusha Mudiveti,612ef7a544c8ed006880e7cb,,Medium,Done,Pranathi Sai Prathyusha Mudiveti,612ef7a544c8ed006880e7cb,Pranathi Sai Prathyusha Mudiveti,612ef7a544c8ed006880e7cb,Pranathi Sai Prathyusha Mudiveti,612ef7a544c8ed006880e7cb,02-09-2021 07:20,04-09-2021 16:10,09-09-2021 05:09,04-09-2021 16:10,Version 2,,0,,,Pranathi Sai Prathyusha Mudiveti,612ef7a544c8ed006880e7cb,,,,,,,,,,,,,,,,,,,,,,,{},,P1-1,,,,,0|i0005a:zzz,,P1 Sprint 2,,,,,,,,Done
Verify the Admin can able to select the type of currencies from the dropdown list,P1-42,10067,Test,Done,P1,Project 1,software,Pranathi Sai Prathyusha Mudiveti,612ef7a544c8ed006880e7cb,,Medium,Done,Pranathi Sai Prathyusha Mudiveti,612ef7a544c8ed006880e7cb,Pranathi Sai Prathyusha Mudiveti,612ef7a544c8ed006880e7cb,Pranathi Sai Prathyusha Mudiveti,612ef7a544c8ed006880e7cb,02-09-2021 07:19,04-09-2021 16:10,09-09-2021 05:09,04-09-2021 16:10,Version 2,,0,,,Pranathi Sai Prathyusha Mudiveti,612ef7a544c8ed006880e7cb,,,,,,,,,,,,,,,,,,,,,,,{},,P1-1,,,,,0|i0005a:zzy,,P1 Sprint 2,,,,,,,,Done
Verify it is showing all the types of currencies,P1-41,10066,Test,Done,P1,Project 1,software,Pranathi Sai Prathyusha Mudiveti,612ef7a544c8ed006880e7cb,,Medium,Done,Pranathi Sai Prathyusha Mudiveti,612ef7a544c8ed006880e7cb,Pranathi Sai Prathyusha Mudiveti,612ef7a544c8ed006880e7cb,Pranathi Sai Prathyusha Mudiveti,612ef7a544c8ed006880e7cb,02-09-2021 07:19,04-09-2021 16:10,09-09-2021 05:09,04-09-2021 16:10,Version 2,,0,,,Pranathi Sai Prathyusha Mudiveti,612ef7a544c8ed006880e7cb,,,,,,,,,,,,,,,,,,,,,,,{},,P1-1,,,,,0|i0005a:zzx,,P1 Sprint 2,,,,,,,,Done
Verify the Text box is able to take the amount ,P1-40,10065,Test,Done,P1,Project 1,software,Pranathi Sai Prathyusha Mudiveti,612ef7a544c8ed006880e7cb,,Medium,Done,Pranathi Sai Prathyusha Mudiveti,612ef7a544c8ed006880e7cb,Pranathi Sai Prathyusha Mudiveti,612ef7a544c8ed006880e7cb,Pranathi Sai Prathyusha Mudiveti,612ef7a544c8ed006880e7cb,02-09-2021 07:18,04-09-2021 16:10,09-09-2021 05:09,04-09-2021 16:10,Version 2,,0,,,Pranathi Sai Prathyusha Mudiveti,612ef7a544c8ed006880e7cb,,,,,,,,,P1-65,P1-66,,,,,,,,,,,,,{},,P1-1,,,,,0|i0005a:zzv,,P1 Sprint 2,,,,,,,,Done
Verify the Auction item Number to check the transaction,P1-39,10064,Test,Done,P1,Project 1,software,Pranathi Sai Prathyusha Mudiveti,612ef7a544c8ed006880e7cb,,Medium,Done,Pranathi Sai Prathyusha Mudiveti,612ef7a544c8ed006880e7cb,Pranathi Sai Prathyusha Mudiveti,612ef7a544c8ed006880e7cb,Pranathi Sai Prathyusha Mudiveti,612ef7a544c8ed006880e7cb,02-09-2021 07:18,04-09-2021 16:10,09-09-2021 05:09,04-09-2021 16:10,Version 2,,0,,,Pranathi Sai Prathyusha Mudiveti,612ef7a544c8ed006880e7cb,,,,,,,,,P1-71,,,,,,,,,,,,,,{},,P1-1,,,,,0|i0005a:zzr,,P1 Sprint 2,,,,,,,,Done
Verify the Invoice Number to check the transaction,P1-38,10063,Test,Done,P1,Project 1,software,Pranathi Sai Prathyusha Mudiveti,612ef7a544c8ed006880e7cb,,Medium,Done,Pranathi Sai Prathyusha Mudiveti,612ef7a544c8ed006880e7cb,Pranathi Sai Prathyusha Mudiveti,612ef7a544c8ed006880e7cb,Pranathi Sai Prathyusha Mudiveti,612ef7a544c8ed006880e7cb,02-09-2021 07:16,04-09-2021 16:10,09-09-2021 05:09,04-09-2021 16:10,Version 2,,0,,,Pranathi Sai Prathyusha Mudiveti,612ef7a544c8ed006880e7cb,,,,,,,,,P1-61,P1-62,,,,,,,,,,,,,{},,P1-1,,,,,0|i0005a:zzi,,P1 Sprint 2,,,,,,,,Done
Verify the Transaction id to check the transaction,P1-37,10062,Test,Done,P1,Project 1,software,Pranathi Sai Prathyusha Mudiveti,612ef7a544c8ed006880e7cb,,Medium,Done,Pranathi Sai Prathyusha Mudiveti,612ef7a544c8ed006880e7cb,Pranathi Sai Prathyusha Mudiveti,612ef7a544c8ed006880e7cb,Pranathi Sai Prathyusha Mudiveti,612ef7a544c8ed006880e7cb,02-09-2021 07:16,04-09-2021 16:10,09-09-2021 05:09,04-09-2021 16:10,Version 2,,0,,,Pranathi Sai Prathyusha Mudiveti,612ef7a544c8ed006880e7cb,,,,,,,,,P1-69,P1-70,,,,,,,,,,,,,{},,P1-1,,,,,0|i0005a:zz,,P1 Sprint 2,,,,,,,,Done
Verify the Receipt id to check the transaction,P1-36,10061,Test,Done,P1,Project 1,software,Pranathi Sai Prathyusha Mudiveti,612ef7a544c8ed006880e7cb,,Medium,Done,Pranathi Sai Prathyusha Mudiveti,612ef7a544c8ed006880e7cb,Pranathi Sai Prathyusha Mudiveti,612ef7a544c8ed006880e7cb,Pranathi Sai Prathyusha Mudiveti,612ef7a544c8ed006880e7cb,02-09-2021 07:15,04-09-2021 16:10,09-09-2021 05:09,04-09-2021 16:10,Version 2,,0,,,Pranathi Sai Prathyusha Mudiveti,612ef7a544c8ed006880e7cb,,,,,,,,,P1-59,P1-60,,,,,,,,,,,,,{},,P1-1,,,,,0|i0005a:zy,,P1 Sprint 2,,,,,,,,Done
Verify the Email id with the required conditions,P1-35,10060,Test,Done,P1,Project 1,software,Pranathi Sai Prathyusha Mudiveti,612ef7a544c8ed006880e7cb,,Medium,Done,Pranathi Sai Prathyusha Mudiveti,612ef7a544c8ed006880e7cb,Pranathi Sai Prathyusha Mudiveti,612ef7a544c8ed006880e7cb,Pranathi Sai Prathyusha Mudiveti,612ef7a544c8ed006880e7cb,02-09-2021 07:15,04-09-2021 16:10,09-09-2021 05:09,04-09-2021 16:10,Version 2,,0,,,Pranathi Sai Prathyusha Mudiveti,612ef7a544c8ed006880e7cb,,,,,,,,,P1-57,P1-58,,,,,,,,,,,,,{},,P1-1,,,,,0|i0005a:zx,,P1 Sprint 2,,,,,,,,Done
Verify the Admin selected is shown on the field,P1-34,10059,Test,Done,P1,Project 1,software,Pranathi Sai Prathyusha Mudiveti,612ef7a544c8ed006880e7cb,,Medium,Done,Pranathi Sai Prathyusha Mudiveti,612ef7a544c8ed006880e7cb,Pranathi Sai Prathyusha Mudiveti,612ef7a544c8ed006880e7cb,Pranathi Sai Prathyusha Mudiveti,612ef7a544c8ed006880e7cb,02-09-2021 07:14,04-09-2021 16:10,09-09-2021 05:09,04-09-2021 16:10,Version 2,,0,,,Pranathi Sai Prathyusha Mudiveti,612ef7a544c8ed006880e7cb,,,,,,,,,P1-73,,,,,,,,,,,,,,{},,P1-1,,,,,0|i0005a:zv,,P1 Sprint 2,,,,,,,,Done
Verify the Admin can able to select the type of transaction from the dropdown list,P1-33,10058,Test,Done,P1,Project 1,software,Pranathi Sai Prathyusha Mudiveti,612ef7a544c8ed006880e7cb,,Medium,Done,Pranathi Sai Prathyusha Mudiveti,612ef7a544c8ed006880e7cb,Pranathi Sai Prathyusha Mudiveti,612ef7a544c8ed006880e7cb,Pranathi Sai Prathyusha Mudiveti,612ef7a544c8ed006880e7cb,02-09-2021 07:13,04-09-2021 16:10,09-09-2021 05:09,04-09-2021 16:10,Version 2,,0,,,Pranathi Sai Prathyusha Mudiveti,612ef7a544c8ed006880e7cb,,,,,,,,,,,,,,,,,,,,,,,{},,P1-1,,,,,0|i0005a:zr,,P1 Sprint 2,,,,,,,,Done
Verify it is showing all the types of transactions,P1-32,10057,Test,Done,P1,Project 1,software,Pranathi Sai Prathyusha Mudiveti,612ef7a544c8ed006880e7cb,,Medium,Done,Pranathi Sai Prathyusha Mudiveti,612ef7a544c8ed006880e7cb,Pranathi Sai Prathyusha Mudiveti,612ef7a544c8ed006880e7cb,Pranathi Sai Prathyusha Mudiveti,612ef7a544c8ed006880e7cb,02-09-2021 07:13,04-09-2021 16:10,09-09-2021 05:09,04-09-2021 16:10,Version 2,,0,,,Pranathi Sai Prathyusha Mudiveti,612ef7a544c8ed006880e7cb,,,,,,,,,P1-68,,,,,,,,,,,,,,{},,P1-1,,,,,0|i0005a:zi,,P1 Sprint 2,,,,,,,,Done
Verify the admin can able to search,P1-31,10056,Test,Done,P1,Project 1,software,Pranathi Sai Prathyusha Mudiveti,612ef7a544c8ed006880e7cb,,Medium,Done,Pranathi Sai Prathyusha Mudiveti,612ef7a544c8ed006880e7cb,Pranathi Sai Prathyusha Mudiveti,612ef7a544c8ed006880e7cb,Pranathi Sai Prathyusha Mudiveti,612ef7a544c8ed006880e7cb,02-09-2021 07:12,02-09-2021 09:13,09-09-2021 05:09,02-09-2021 08:54,Version1,,0,,,Pranathi Sai Prathyusha Mudiveti,612ef7a544c8ed006880e7cb,7200,7200,,0%,7200,7200,,,,,,,,,,,,,,,,,{},,P1-1,,,,,0|i00052:y,,P1 Sprint 1,,,,,,,,Done
Verify the admin can able to select the date from Calendar,P1-30,10055,Test,Done,P1,Project 1,software,Pranathi Sai Prathyusha Mudiveti,612ef7a544c8ed006880e7cb,,Medium,Done,Pranathi Sai Prathyusha Mudiveti,612ef7a544c8ed006880e7cb,Pranathi Sai Prathyusha Mudiveti,612ef7a544c8ed006880e7cb,Pranathi Sai Prathyusha Mudiveti,612ef7a544c8ed006880e7cb,02-09-2021 07:11,02-09-2021 09:13,09-09-2021 05:09,02-09-2021 08:54,Version1,,0,,,Pranathi Sai Prathyusha Mudiveti,612ef7a544c8ed006880e7cb,7200,7200,,0%,7200,7200,,,,,,,,,,,,,,,,,{},,P1-1,,,,,0|i00052:x,,P1 Sprint 1,,,,,,,,Done
Verify the admin can able to enter the Date manually,P1-29,10054,Test,Done,P1,Project 1,software,Pranathi Sai Prathyusha Mudiveti,612ef7a544c8ed006880e7cb,,Medium,Done,Pranathi Sai Prathyusha Mudiveti,612ef7a544c8ed006880e7cb,Pranathi Sai Prathyusha Mudiveti,612ef7a544c8ed006880e7cb,Pranathi Sai Prathyusha Mudiveti,612ef7a544c8ed006880e7cb,02-09-2021 07:11,02-09-2021 09:23,09-09-2021 05:09,02-09-2021 08:54,Version1,,0,,,Pranathi Sai Prathyusha Mudiveti,612ef7a544c8ed006880e7cb,7200,7200,,0%,7200,7200,,,P1-55,P1-56,,,,,,,,,,,,,{},,P1-1,,,,,0|i00052:v,,P1 Sprint 1,,,,,,,,Done
Verify the admin can able to search,P1-28,10053,Test,Done,P1,Project 1,software,Pranathi Sai Prathyusha Mudiveti,612ef7a544c8ed006880e7cb,,Medium,Done,Pranathi Sai Prathyusha Mudiveti,612ef7a544c8ed006880e7cb,Pranathi Sai Prathyusha Mudiveti,612ef7a544c8ed006880e7cb,Pranathi Sai Prathyusha Mudiveti,612ef7a544c8ed006880e7cb,02-09-2021 07:10,02-09-2021 09:23,09-09-2021 05:09,02-09-2021 08:54,Version1,,0,,,Pranathi Sai Prathyusha Mudiveti,612ef7a544c8ed006880e7cb,7200,7200,,0%,7200,7200,,,P1-53,,,,,,,,,,,,,,{},,P1-1,,,,,0|i00052:r,,P1 Sprint 1,,,,,,,,Done
Verify the admin can able to select the date from Calendar,P1-27,10052,Test,Done,P1,Project 1,software,Pranathi Sai Prathyusha Mudiveti,612ef7a544c8ed006880e7cb,,Medium,Done,Pranathi Sai Prathyusha Mudiveti,612ef7a544c8ed006880e7cb,Pranathi Sai Prathyusha Mudiveti,612ef7a544c8ed006880e7cb,Pranathi Sai Prathyusha Mudiveti,612ef7a544c8ed006880e7cb,02-09-2021 07:10,02-09-2021 09:23,09-09-2021 05:09,02-09-2021 08:54,Version1,,0,,,Pranathi Sai Prathyusha Mudiveti,612ef7a544c8ed006880e7cb,7200,7200,,0%,7200,7200,,,P1-54,,,,,,,,,,,,,,{},,P1-1,,,,,0|i00052:i,,P1 Sprint 1,,,,,,,,Done
Verify the admin can able to enter the Date manually,P1-26,10051,Test,Done,P1,Project 1,software,Pranathi Sai Prathyusha Mudiveti,612ef7a544c8ed006880e7cb,,Medium,Done,Pranathi Sai Prathyusha Mudiveti,612ef7a544c8ed006880e7cb,Pranathi Sai Prathyusha Mudiveti,612ef7a544c8ed006880e7cb,Pranathi Sai Prathyusha Mudiveti,612ef7a544c8ed006880e7cb,02-09-2021 07:09,02-09-2021 13:37,09-09-2021 05:09,02-09-2021 08:54,Version1,,0,,,Pranathi Sai Prathyusha Mudiveti,612ef7a544c8ed006880e7cb,7200,7200,,0%,7200,7200,,,P1-52,,,,,,,,,,,,,,{},,P1-1,,,,,0|i00052:,,P1 Sprint 1,,,,,,,,Done
"As a admin, Admin can able to track the users with suffix",P1-25,10050,Task,Done,P1,Project 1,software,Pranathi Sai Prathyusha Mudiveti,612ef7a544c8ed006880e7cb,,Medium,Done,Pranathi Sai Prathyusha Mudiveti,612ef7a544c8ed006880e7cb,Pranathi Sai Prathyusha Mudiveti,612ef7a544c8ed006880e7cb,Pranathi Sai Prathyusha Mudiveti,612ef7a544c8ed006880e7cb,02-09-2021 07:01,05-09-2021 06:34,09-09-2021 05:09,05-09-2021 06:34,Version 3,,0,,,Pranathi Sai Prathyusha Mudiveti,612ef7a544c8ed006880e7cb,,,,,,,,,P1-51,,,,,,,,,,,,,,{},,P1-1,,,,,0|i0005i:r,,P1 Sprint 3,,,,,,,,Done
"As a admin, Admin can able to track the users with Last Name",P1-24,10049,Task,Done,P1,Project 1,software,Pranathi Sai Prathyusha Mudiveti,612ef7a544c8ed006880e7cb,,Medium,Done,Pranathi Sai Prathyusha Mudiveti,612ef7a544c8ed006880e7cb,Pranathi Sai Prathyusha Mudiveti,612ef7a544c8ed006880e7cb,Pranathi Sai Prathyusha Mudiveti,612ef7a544c8ed006880e7cb,02-09-2021 07:00,05-09-2021 06:34,09-09-2021 05:09,05-09-2021 06:34,Version 3,,0,,,Pranathi Sai Prathyusha Mudiveti,612ef7a544c8ed006880e7cb,,,,,,,,,P1-50,,,,,,,,,,,,,,{},,P1-1,,,,,0|i0005i:i,,P1 Sprint 3,,,,,,,,Done
"As a admin, Admin can able to track the users with Middle Name",P1-23,10048,Task,Done,P1,Project 1,software,Pranathi Sai Prathyusha Mudiveti,612ef7a544c8ed006880e7cb,,Medium,Done,Pranathi Sai Prathyusha Mudiveti,612ef7a544c8ed006880e7cb,Pranathi Sai Prathyusha Mudiveti,612ef7a544c8ed006880e7cb,Pranathi Sai Prathyusha Mudiveti,612ef7a544c8ed006880e7cb,02-09-2021 06:59,05-09-2021 06:34,09-09-2021 05:09,05-09-2021 06:34,Version 3,,0,,,Pranathi Sai Prathyusha Mudiveti,612ef7a544c8ed006880e7cb,,,,,,,,,P1-49,,,,,,,,,,,,,,{},,P1-1,,,,,0|i0005i:,,P1 Sprint 3,,,,,,,,Done
"As a admin, Admin can able to track the users with First Name",P1-22,10047,Task,Done,P1,Project 1,software,Pranathi Sai Prathyusha Mudiveti,612ef7a544c8ed006880e7cb,,Medium,Done,Pranathi Sai Prathyusha Mudiveti,612ef7a544c8ed006880e7cb,Pranathi Sai Prathyusha Mudiveti,612ef7a544c8ed006880e7cb,Pranathi Sai Prathyusha Mudiveti,612ef7a544c8ed006880e7cb,02-09-2021 06:58,05-09-2021 06:34,09-09-2021 05:09,05-09-2021 06:34,Version 3,,0,,,Pranathi Sai Prathyusha Mudiveti,612ef7a544c8ed006880e7cb,,,,,,,,,P1-48,,,,,,,,,,,,,,{},,P1-1,,,,,0|i0005h:,,P1 Sprint 3,,,,,,,,Done
"As a Admin, Admin can able to enter the Salutations",P1-21,10046,Task,Done,P1,Project 1,software,Pranathi Sai Prathyusha Mudiveti,612ef7a544c8ed006880e7cb,,Medium,Done,Pranathi Sai Prathyusha Mudiveti,612ef7a544c8ed006880e7cb,Pranathi Sai Prathyusha Mudiveti,612ef7a544c8ed006880e7cb,Pranathi Sai Prathyusha Mudiveti,612ef7a544c8ed006880e7cb,02-09-2021 06:58,05-09-2021 06:34,09-09-2021 05:09,05-09-2021 06:34,Version 3,,0,,,Pranathi Sai Prathyusha Mudiveti,612ef7a544c8ed006880e7cb,,,,,,,,,P1-46,P1-47,,,,,,,,,,,,,{},,P1-1,,,,,0|i0005f:,,P1 Sprint 3,,,,,,,,Done
"As a Admin, Admin is able to Search with the id of profile",P1-20,10045,Task,Done,P1,Project 1,software,Pranathi Sai Prathyusha Mudiveti,612ef7a544c8ed006880e7cb,,Medium,Done,Pranathi Sai Prathyusha Mudiveti,612ef7a544c8ed006880e7cb,Pranathi Sai Prathyusha Mudiveti,612ef7a544c8ed006880e7cb,Pranathi Sai Prathyusha Mudiveti,612ef7a544c8ed006880e7cb,02-09-2021 06:57,04-09-2021 16:11,09-09-2021 05:09,04-09-2021 16:11,Version 2,,0,,,Pranathi Sai Prathyusha Mudiveti,612ef7a544c8ed006880e7cb,,,,,,,,,P1-44,P1-45,,,,,,,,,,,,,{},,P1-1,,,,,0|i0005a:z,,P1 Sprint 2,,,,,,,,Done
"As a Admin, Admin is able to Search the amount with the currency type",P1-19,10044,Task,Done,P1,Project 1,software,Pranathi Sai Prathyusha Mudiveti,612ef7a544c8ed006880e7cb,,Medium,Done,Pranathi Sai Prathyusha Mudiveti,612ef7a544c8ed006880e7cb,Pranathi Sai Prathyusha Mudiveti,612ef7a544c8ed006880e7cb,Pranathi Sai Prathyusha Mudiveti,612ef7a544c8ed006880e7cb,02-09-2021 06:56,04-09-2021 16:11,09-09-2021 05:09,04-09-2021 16:11,Version 2,,0,,,Pranathi Sai Prathyusha Mudiveti,612ef7a544c8ed006880e7cb,,,,,,,,,P1-41,P1-42,P1-43,,,,,,,,,,,,{},,P1-1,,,,,0|i0005a:y,,P1 Sprint 2,,,,,,,,Done
"As a Admin, Admin is able to search the transactions with the amount",P1-18,10043,Task,Done,P1,Project 1,software,Pranathi Sai Prathyusha Mudiveti,612ef7a544c8ed006880e7cb,,Medium,Done,Pranathi Sai Prathyusha Mudiveti,612ef7a544c8ed006880e7cb,Pranathi Sai Prathyusha Mudiveti,612ef7a544c8ed006880e7cb,Pranathi Sai Prathyusha Mudiveti,612ef7a544c8ed006880e7cb,02-09-2021 06:55,04-09-2021 16:11,09-09-2021 05:09,04-09-2021 16:11,Version 2,,0,,,Pranathi Sai Prathyusha Mudiveti,612ef7a544c8ed006880e7cb,,,,,,,,,P1-40,,,,,,,,,,,,,,{},,P1-1,,,,,0|i0005a:x,,P1 Sprint 2,,,,,,,,Done
"As a admin, Admin should able to enter the Auction item Number to know the details",P1-17,10042,Task,Done,P1,Project 1,software,Pranathi Sai Prathyusha Mudiveti,612ef7a544c8ed006880e7cb,,Medium,Done,Pranathi Sai Prathyusha Mudiveti,612ef7a544c8ed006880e7cb,Pranathi Sai Prathyusha Mudiveti,612ef7a544c8ed006880e7cb,Pranathi Sai Prathyusha Mudiveti,612ef7a544c8ed006880e7cb,02-09-2021 06:55,04-09-2021 16:11,09-09-2021 05:09,04-09-2021 16:11,Version 2,,0,,,Pranathi Sai Prathyusha Mudiveti,612ef7a544c8ed006880e7cb,,,,,,,,,P1-39,,,,,,,,,,,,,,{},,P1-1,,,,,0|i0005a:v,,P1 Sprint 2,,,,,,,,Done
"As a admin, Admin should able to enter the Invoice Number to know the details",P1-16,10041,Task,Done,P1,Project 1,software,Pranathi Sai Prathyusha Mudiveti,612ef7a544c8ed006880e7cb,,Medium,Done,Pranathi Sai Prathyusha Mudiveti,612ef7a544c8ed006880e7cb,Pranathi Sai Prathyusha Mudiveti,612ef7a544c8ed006880e7cb,Pranathi Sai Prathyusha Mudiveti,612ef7a544c8ed006880e7cb,02-09-2021 06:54,04-09-2021 16:11,09-09-2021 05:09,04-09-2021 16:11,Version 2,,0,,,Pranathi Sai Prathyusha Mudiveti,612ef7a544c8ed006880e7cb,,,,,,,,,P1-38,,,,,,,,,,,,,,{},,P1-1,,,,,0|i0005a:r,,P1 Sprint 2,,,,,,,,Done
"As a admin, Admin should able to enter the transaction id to know the details",P1-15,10040,Task,Done,P1,Project 1,software,Pranathi Sai Prathyusha Mudiveti,612ef7a544c8ed006880e7cb,,Medium,Done,Pranathi Sai Prathyusha Mudiveti,612ef7a544c8ed006880e7cb,Pranathi Sai Prathyusha Mudiveti,612ef7a544c8ed006880e7cb,Pranathi Sai Prathyusha Mudiveti,612ef7a544c8ed006880e7cb,02-09-2021 06:54,04-09-2021 16:11,09-09-2021 05:09,04-09-2021 16:11,Version 2,,0,,,Pranathi Sai Prathyusha Mudiveti,612ef7a544c8ed006880e7cb,,,,,,,,,P1-37,,,,,,,,,,,,,,{},,P1-1,,,,,0|i0005a:i,,P1 Sprint 2,,,,,,,,Done
"As a admin, Admin should able to enter the receipt id to know the details",P1-14,10039,Task,Done,P1,Project 1,software,Pranathi Sai Prathyusha Mudiveti,612ef7a544c8ed006880e7cb,,Medium,Done,Pranathi Sai Prathyusha Mudiveti,612ef7a544c8ed006880e7cb,Pranathi Sai Prathyusha Mudiveti,612ef7a544c8ed006880e7cb,Pranathi Sai Prathyusha Mudiveti,612ef7a544c8ed006880e7cb,02-09-2021 06:53,04-09-2021 16:11,09-09-2021 05:09,04-09-2021 16:11,Version 2,,0,,,Pranathi Sai Prathyusha Mudiveti,612ef7a544c8ed006880e7cb,,,,,,,,,P1-36,,,,,,,,,,,,,,{},,P1-1,,,,,0|i0005a:,,P1 Sprint 2,,,,,,,,Done
"As a Admin, Admin is able to enter the Email ids of  both buyer and receiver",P1-13,10038,Task,Done,P1,Project 1,software,Pranathi Sai Prathyusha Mudiveti,612ef7a544c8ed006880e7cb,,Medium,Done,Pranathi Sai Prathyusha Mudiveti,612ef7a544c8ed006880e7cb,Pranathi Sai Prathyusha Mudiveti,612ef7a544c8ed006880e7cb,Pranathi Sai Prathyusha Mudiveti,612ef7a544c8ed006880e7cb,02-09-2021 06:52,04-09-2021 16:11,09-09-2021 05:09,04-09-2021 16:11,Version 2,,0,,,Pranathi Sai Prathyusha Mudiveti,612ef7a544c8ed006880e7cb,,,,,,,,,P1-35,,,,,,,,,,,,,,{},,P1-1,,,,,0|i00059:,,P1 Sprint 2,,,,,,,,Done
"As a Admin, admin is able to Search with the type of Transaction",P1-12,10037,Task,Done,P1,Project 1,software,Pranathi Sai Prathyusha Mudiveti,612ef7a544c8ed006880e7cb,,Medium,Done,Pranathi Sai Prathyusha Mudiveti,612ef7a544c8ed006880e7cb,Pranathi Sai Prathyusha Mudiveti,612ef7a544c8ed006880e7cb,Pranathi Sai Prathyusha Mudiveti,612ef7a544c8ed006880e7cb,02-09-2021 06:51,04-09-2021 16:11,09-09-2021 05:09,04-09-2021 16:11,Version 2,,0,,,Pranathi Sai Prathyusha Mudiveti,612ef7a544c8ed006880e7cb,,,,,,,,,P1-32,P1-33,P1-34,,,,,,,,,,,,{},,P1-1,,,,,0|i00057:,,P1 Sprint 2,,,,,,,,Done
"As a admin, admin is able to enter the End date",P1-11,10036,Task,Done,P1,Project 1,software,Pranathi Sai Prathyusha Mudiveti,612ef7a544c8ed006880e7cb,,Medium,Done,Pranathi Sai Prathyusha Mudiveti,612ef7a544c8ed006880e7cb,Pranathi Sai Prathyusha Mudiveti,612ef7a544c8ed006880e7cb,Pranathi Sai Prathyusha Mudiveti,612ef7a544c8ed006880e7cb,02-09-2021 06:50,02-09-2021 09:15,09-09-2021 05:09,02-09-2021 08:55,Version1,,0,,,Pranathi Sai Prathyusha Mudiveti,612ef7a544c8ed006880e7cb,28800,28800,,0%,28800,28800,,,P1-29,P1-30,P1-31,,,,,,,,,,,,{},,P1-1,,,,,0|i00051:,,P1 Sprint 1,,,,,,,,Done
"As a admin, admin is able to enter the Start date",P1-10,10035,Task,Done,P1,Project 1,software,Pranathi Sai Prathyusha Mudiveti,612ef7a544c8ed006880e7cb,,Medium,Done,Pranathi Sai Prathyusha Mudiveti,612ef7a544c8ed006880e7cb,Pranathi Sai Prathyusha Mudiveti,612ef7a544c8ed006880e7cb,Pranathi Sai Prathyusha Mudiveti,612ef7a544c8ed006880e7cb,02-09-2021 06:49,02-09-2021 08:55,09-09-2021 05:09,02-09-2021 08:55,,,0,,,Pranathi Sai Prathyusha Mudiveti,612ef7a544c8ed006880e7cb,,,,,,,,,P1-26,P1-27,P1-28,,,,,,,,,,,,{},,P1-1,,,,,0|i0004z:,,P1 Sprint 1,,,,,,,,Done
Actions,P1-9,10034,Story,Done,P1,Project 1,software,Pranathi Sai Prathyusha Mudiveti,612ef7a544c8ed006880e7cb,,Medium,Done,Pranathi Sai Prathyusha Mudiveti,612ef7a544c8ed006880e7cb,Pranathi Sai Prathyusha Mudiveti,612ef7a544c8ed006880e7cb,Pranathi Sai Prathyusha Mudiveti,612ef7a544c8ed006880e7cb,02-09-2021 06:47,06-09-2021 05:39,09-09-2021 05:09,06-09-2021 05:39,Version 7,,0,,,Pranathi Sai Prathyusha Mudiveti,612ef7a544c8ed006880e7cb,,,,,,,,,P1-87,P1-88,,,,,,,,,,,,,{},,P1-2,,,,,0|i0005i:zz9,,P1 Sprint 7,,8,,,,,,Done
Sort Order,P1-8,10033,Story,Done,P1,Project 1,software,Pranathi Sai Prathyusha Mudiveti,612ef7a544c8ed006880e7cb,,Medium,Done,Pranathi Sai Prathyusha Mudiveti,612ef7a544c8ed006880e7cb,Pranathi Sai Prathyusha Mudiveti,612ef7a544c8ed006880e7cb,Pranathi Sai Prathyusha Mudiveti,612ef7a544c8ed006880e7cb,02-09-2021 06:46,05-09-2021 12:00,09-09-2021 05:09,05-09-2021 12:00,,,0,,,Pranathi Sai Prathyusha Mudiveti,612ef7a544c8ed006880e7cb,,,,,,,,,P1-86,,,,,,,,,,,,,,{},,P1-2,,,,,0|i0005z:,,P1 Sprint 6,,8,,,,,,Done
Status,P1-7,10032,Story,Done,P1,Project 1,software,Pranathi Sai Prathyusha Mudiveti,612ef7a544c8ed006880e7cb,,Medium,Done,Pranathi Sai Prathyusha Mudiveti,612ef7a544c8ed006880e7cb,Pranathi Sai Prathyusha Mudiveti,612ef7a544c8ed006880e7cb,Pranathi Sai Prathyusha Mudiveti,612ef7a544c8ed006880e7cb,02-09-2021 06:46,05-09-2021 11:50,09-09-2021 05:09,05-09-2021 11:43,Version 5,,0,,,Pranathi Sai Prathyusha Mudiveti,612ef7a544c8ed006880e7cb,,,,,,,,,P1-85,,,,,,,,,,,,,,{},,P1-2,,,,,0|i0005r:,,P1 Sprint 5,,8,,,,,,Done
Payment Methods,P1-6,10031,Story,Done,P1,Project 1,software,Pranathi Sai Prathyusha Mudiveti,612ef7a544c8ed006880e7cb,,Medium,Done,Pranathi Sai Prathyusha Mudiveti,612ef7a544c8ed006880e7cb,Pranathi Sai Prathyusha Mudiveti,612ef7a544c8ed006880e7cb,Pranathi Sai Prathyusha Mudiveti,612ef7a544c8ed006880e7cb,02-09-2021 06:46,05-09-2021 11:33,09-09-2021 05:09,05-09-2021 11:33,Version 4,,0,,,Pranathi Sai Prathyusha Mudiveti,612ef7a544c8ed006880e7cb,,,,,,,,,P1-84,,,,,,,,,,,,,,{},,P1-2,,,,,0|i0005j:,,P1 Sprint 4,,8,,,,,,Done
Search by Buyer Information,P1-5,10030,Story,Done,P1,Project 1,software,Pranathi Sai Prathyusha Mudiveti,612ef7a544c8ed006880e7cb,,Medium,Done,Pranathi Sai Prathyusha Mudiveti,612ef7a544c8ed006880e7cb,Pranathi Sai Prathyusha Mudiveti,612ef7a544c8ed006880e7cb,Pranathi Sai Prathyusha Mudiveti,612ef7a544c8ed006880e7cb,02-09-2021 06:45,05-09-2021 06:34,09-09-2021 05:09,05-09-2021 06:34,Version 3,,0,,,Pranathi Sai Prathyusha Mudiveti,612ef7a544c8ed006880e7cb,,,,,,,,,P1-21,P1-22,P1-23,P1-24,P1-25,,,,,,,,,,{},,P1-1,,,,,0|i0005b:,,P1 Sprint 3,,8,,,,,,Done
Search by Transaction,P1-4,10029,Story,Done,P1,Project 1,software,Pranathi Sai Prathyusha Mudiveti,612ef7a544c8ed006880e7cb,,Medium,Done,Pranathi Sai Prathyusha Mudiveti,612ef7a544c8ed006880e7cb,Pranathi Sai Prathyusha Mudiveti,612ef7a544c8ed006880e7cb,Pranathi Sai Prathyusha Mudiveti,612ef7a544c8ed006880e7cb,02-09-2021 06:44,04-09-2021 16:11,09-09-2021 05:09,04-09-2021 16:11,Version 2,,0,,,Pranathi Sai Prathyusha Mudiveti,612ef7a544c8ed006880e7cb,,,,,,,,,P1-12,P1-13,P1-14,P1-15,P1-16,P1-17,P1-18,P1-19,P1-20,,,,,,{},,P1-1,,,,,0|i00053:,,P1 Sprint 2,,8,,,,,,Done
Search by Date,P1-3,10028,Story,Done,P1,Project 1,software,Pranathi Sai Prathyusha Mudiveti,612ef7a544c8ed006880e7cb,,Medium,Done,Pranathi Sai Prathyusha Mudiveti,612ef7a544c8ed006880e7cb,Pranathi Sai Prathyusha Mudiveti,612ef7a544c8ed006880e7cb,Pranathi Sai Prathyusha Mudiveti,612ef7a544c8ed006880e7cb,02-09-2021 06:44,02-09-2021 09:16,09-09-2021 04:53,02-09-2021 08:55,Version1,,0,,,Pranathi Sai Prathyusha Mudiveti,612ef7a544c8ed006880e7cb,28800,28800,,0%,28800,28800,,,P1-10,P1-11,,,,,,,,,,,,,{},,P1-1,,,,,0|i0004v:,,P1 Sprint 1,,8,,,,,,Done
Paypal-payments,P1-2,10027,Epic,Done,P1,Project 1,software,Pranathi Sai Prathyusha Mudiveti,612ef7a544c8ed006880e7cb,,Medium,Done,Pranathi Sai Prathyusha Mudiveti,612ef7a544c8ed006880e7cb,Pranathi Sai Prathyusha Mudiveti,612ef7a544c8ed006880e7cb,Pranathi Sai Prathyusha Mudiveti,612ef7a544c8ed006880e7cb,02-09-2021 06:44,06-09-2021 07:09,09-09-2021 05:09,03-09-2021 08:55,Version1,06-09-2021 00:00,0,,,Pranathi Sai Prathyusha Mudiveti,612ef7a544c8ed006880e7cb,,,,,,,,,,,,,,,,,,,,,,,{},ghx-label-7,,Paypal-payments,Done,,,0|i0004n:,,,03-09-2021 00:00,,,,,,,Done
Paypal-Search,P1-1,10026,Epic,Done,P1,Project 1,software,Pranathi Sai Prathyusha Mudiveti,612ef7a544c8ed006880e7cb,,Medium,Done,Pranathi Sai Prathyusha Mudiveti,612ef7a544c8ed006880e7cb,Pranathi Sai Prathyusha Mudiveti,612ef7a544c8ed006880e7cb,Pranathi Sai Prathyusha Mudiveti,612ef7a544c8ed006880e7cb,02-09-2021 06:43,05-09-2021 06:32,09-09-2021 04:55,04-09-2021 08:55,Version1,,0,,,Pranathi Sai Prathyusha Mudiveti,612ef7a544c8ed006880e7cb,,,,,122400,122400,,,,,,,,,,,,,,,,,{},ghx-label-7,,Paypal-Search,Done,,,0|i0004f:,,,,,,,,,,Done
